#                   r,             dens_tot,             dens_err,               dens_A,           dens_err_A,               dens_B,           dens_err_B,           dens_alike,       dens_err_alike,          dens_unlike,      dens_err_unlike,         dens_alike_n,     dens_err_alike_n,        dens_unlike_n,    dens_err_unlike_n,             prob_tot,             prob_err,               prob_A,           prob_err_A,               prob_B,           prob_err_B,           prob_alike,       prob_err_alike,          prob_unlike,      prob_err_unlike,         prob_alike_n,     prob_err_alike_n,        prob_unlike_n,    prob_err_unlike_n
  3.0000000000000e-02,  1.4994458758889e-01,  3.3239048812442e-03,  6.9851336134776e-02,  2.2686659307374e-03,  8.0093251454116e-02,  2.4293000132282e-03,  0.0000000000000e+00,  0.0000000000000e+00,  0.0000000000000e+00,  0.0000000000000e+00,  0.0000000000000e+00,  0.0000000000000e+00,  0.0000000000000e+00,  0.0000000000000e+00,  2.2611111111111e-03,  5.0123304749511e-05,  1.0533333333333e-03,  3.4210676262979e-05,  1.2077777777778e-03,  3.6632981159632e-05,  0.0000000000000e+00,  0.0000000000000e+00,  0.0000000000000e+00,  0.0000000000000e+00,  0.0000000000000e+00,  0.0000000000000e+00,  0.0000000000000e+00,  0.0000000000000e+00
  9.0000000000000e-02,  1.3665009730284e-01,  1.1993312306349e-03,  7.0619742936741e-02,  8.6217859467619e-04,  6.6030354366102e-02,  8.3369267218704e-04,  0.0000000000000e+00,  0.0000000000000e+00,  0.0000000000000e+00,  0.0000000000000e+00,  0.0000000000000e+00,  0.0000000000000e+00,  0.0000000000000e+00,  0.0000000000000e+00,  1.4424444444444e-02,  1.2659842216168e-04,  7.4544444444444e-03,  9.1009428354334e-05,  6.9700000000000e-03,  8.8002525216294e-05,  0.0000000000000e+00,  0.0000000000000e+00,  0.0000000000000e+00,  0.0000000000000e+00,  0.0000000000000e+00,  0.0000000000000e+00,  0.0000000000000e+00,  0.0000000000000e+00
  1.5000000000000e-01,  1.3987718426856e-01,  7.3651200551118e-04,  7.1677895057688e-02,  5.2722866114419e-04,  6.8199289210869e-02,  5.1427606704007e-04,  0.0000000000000e+00,  0.0000000000000e+00,  0.0000000000000e+00,  0.0000000000000e+00,  0.0000000000000e+00,  0.0000000000000e+00,  0.0000000000000e+00,  0.0000000000000e+00,  4.0076666666667e-02,  2.1102044836847e-04,  2.0536666666667e-02,  1.5105799720147e-04,  1.9540000000000e-02,  1.4734690736867e-04,  0.0000000000000e+00,  0.0000000000000e+00,  0.0000000000000e+00,  0.0000000000000e+00,  0.0000000000000e+00,  0.0000000000000e+00,  0.0000000000000e+00,  0.0000000000000e+00
  2.1000000000000e-01,  1.4283917171112e-01,  5.3334225129763e-04,  7.1064115918847e-02,  3.7619022534802e-04,  7.1775055792268e-02,  3.7806728418606e-04,  0.0000000000000e+00,  0.0000000000000e+00,  0.0000000000000e+00,  0.0000000000000e+00,  0.0000000000000e+00,  0.0000000000000e+00,  0.0000000000000e+00,  0.0000000000000e+00,  7.9696666666667e-02,  2.9757663189816e-04,  3.9650000000000e-02,  2.0989415321908e-04,  4.0046666666667e-02,  2.1094145229493e-04,  0.0000000000000e+00,  0.0000000000000e+00,  0.0000000000000e+00,  0.0000000000000e+00,  0.0000000000000e+00,  0.0000000000000e+00,  0.0000000000000e+00,  0.0000000000000e+00
  2.7000000000000e-01,  1.4018100679797e-01,  4.1149338697604e-04,  7.0149691257300e-02,  2.9109259298811e-04,  7.0031315540671e-02,  2.9084688382802e-04,  0.0000000000000e+00,  0.0000000000000e+00,  0.0000000000000e+00,  0.0000000000000e+00,  0.0000000000000e+00,  0.0000000000000e+00,  0.0000000000000e+00,  0.0000000000000e+00,  1.2894666666667e-01,  3.7851561932643e-04,  6.4527777777778e-02,  2.6776394616191e-04,  6.4418888888889e-02,  2.6753792854449e-04,  0.0000000000000e+00,  0.0000000000000e+00,  0.0000000000000e+00,  0.0000000000000e+00,  0.0000000000000e+00,  0.0000000000000e+00,  0.0000000000000e+00,  0.0000000000000e+00
  3.3000000000000e-01,  1.3875208261148e-01,  3.3518320496541e-04,  6.8971190514401e-02,  2.3631775667297e-04,  6.9780892097083e-02,  2.3770085984687e-04,  0.0000000000000e+00,  0.0000000000000e+00,  0.0000000000000e+00,  0.0000000000000e+00,  0.0000000000000e+00,  0.0000000000000e+00,  0.0000000000000e+00,  0.0000000000000e+00,  1.9040222222222e-01,  4.5995437240161e-04,  9.4645555555556e-02,  3.2428649123123e-04,  9.5756666666667e-02,  3.2618445134049e-04,  0.0000000000000e+00,  0.0000000000000e+00,  0.0000000000000e+00,  0.0000000000000e+00,  0.0000000000000e+00,  0.0000000000000e+00,  0.0000000000000e+00,  0.0000000000000e+00
  3.9000000000000e-01,  1.3848139363435e-01,  2.8345037932326e-04,  6.9191671617805e-02,  2.0035871664404e-04,  6.9289722016546e-02,  2.0050062893481e-04,  0.0000000000000e+00,  0.0000000000000e+00,  0.0000000000000e+00,  0.0000000000000e+00,  0.0000000000000e+00,  0.0000000000000e+00,  0.0000000000000e+00,  0.0000000000000e+00,  2.6520777777778e-01,  5.4284003964518e-04,  1.3251000000000e-01,  3.8370995990896e-04,  1.3269777777778e-01,  3.8398173824889e-04,  0.0000000000000e+00,  0.0000000000000e+00,  0.0000000000000e+00,  0.0000000000000e+00,  0.0000000000000e+00,  0.0000000000000e+00,  0.0000000000000e+00,  0.0000000000000e+00
  4.5000000000000e-01,  1.3641048791911e-01,  2.4387299906324e-04,  6.7912474552677e-02,  1.7207374691458e-04,  6.8498013366430e-02,  1.7281396151607e-04,  0.0000000000000e+00,  0.0000000000000e+00,  0.0000000000000e+00,  0.0000000000000e+00,  0.0000000000000e+00,  0.0000000000000e+00,  0.0000000000000e+00,  0.0000000000000e+00,  3.4763666666667e-01,  6.2150057358217e-04,  1.7307222222222e-01,  4.3852305428085e-04,  1.7456444444444e-01,  4.4040946155499e-04,  0.0000000000000e+00,  0.0000000000000e+00,  0.0000000000000e+00,  0.0000000000000e+00,  0.0000000000000e+00,  0.0000000000000e+00,  0.0000000000000e+00,  0.0000000000000e+00
  5.1000000000000e-01,  1.3665722790065e-01,  2.1541186793828e-04,  6.7822171729764e-02,  1.5175365832614e-04,  6.8835056170887e-02,  1.5288263483239e-04,  0.0000000000000e+00,  0.0000000000000e+00,  0.0000000000000e+00,  0.0000000000000e+00,  0.0000000000000e+00,  0.0000000000000e+00,  0.0000000000000e+00,  0.0000000000000e+00,  4.4718111111111e-01,  7.0488857363031e-04,  2.2193333333333e-01,  4.9658090236395e-04,  2.2524777777778e-01,  5.0027523288883e-04,  0.0000000000000e+00,  0.0000000000000e+00,  0.0000000000000e+00,  0.0000000000000e+00,  0.0000000000000e+00,  0.0000000000000e+00,  0.0000000000000e+00,  0.0000000000000e+00
  5.7000000000000e-01,  1.3538284560589e-01,  1.9185819925419e-04,  6.7324639937303e-02,  1.3529618927378e-04,  6.8058205668583e-02,  1.3603128239141e-04,  0.0000000000000e+00,  0.0000000000000e+00,  0.0000000000000e+00,  0.0000000000000e+00,  0.0000000000000e+00,  0.0000000000000e+00,  0.0000000000000e+00,  0.0000000000000e+00,  5.5325333333333e-01,  7.8404459434775e-04,  2.7512777777778e-01,  5.5289920497700e-04,  2.7812555555556e-01,  5.5590322454698e-04,  0.0000000000000e+00,  0.0000000000000e+00,  0.0000000000000e+00,  0.0000000000000e+00,  0.0000000000000e+00,  0.0000000000000e+00,  0.0000000000000e+00,  0.0000000000000e+00
  6.3000000000000e-01,  1.3452283511670e-01,  1.7304824500239e-04,  6.7355023709141e-02,  1.2244870319026e-04,  6.7167811407557e-02,  1.2227841258960e-04,  0.0000000000000e+00,  0.0000000000000e+00,  0.0000000000000e+00,  0.0000000000000e+00,  0.0000000000000e+00,  0.0000000000000e+00,  0.0000000000000e+00,  0.0000000000000e+00,  6.7145222222222e-01,  8.6374650487939e-04,  3.3619333333333e-01,  6.1118585401509e-04,  3.3525888888889e-01,  6.1033587191252e-04,  0.0000000000000e+00,  0.0000000000000e+00,  0.0000000000000e+00,  0.0000000000000e+00,  0.0000000000000e+00,  0.0000000000000e+00,  0.0000000000000e+00,  0.0000000000000e+00
  6.9000000000000e-01,  1.3328762486188e-01,  1.5728338647177e-04,  6.6508510684608e-02,  1.1110319503603e-04,  6.6779114177271e-02,  1.1132898864542e-04,  2.4127883433560e-06,  6.6918708375476e-07,  3.5263829633665e-06,  8.0900773544936e-07,  5.3869709890893e-05,  1.4941171745572e-05,  5.2441424309084e-05,  1.2031203297398e-05,  7.9794222222222e-01,  9.4159570365194e-04,  3.9816111111111e-01,  6.6513249399492e-04,  3.9978111111111e-01,  6.6648423429808e-04,  1.4444444444444e-05,  4.0061680838489e-06,  2.1111111111111e-05,  4.8432210483785e-06,  5.3869709890893e-05,  1.4941171745572e-05,  5.2441424309084e-05,  1.2031203297398e-05
  7.5000000000000e-01,  1.2986357744505e-01,  1.4283691119957e-04,  6.5001465356478e-02,  1.0105512474431e-04,  6.4862112088569e-02,  1.0094674320624e-04,  6.4099361112585e-05,  3.1733912456000e-06,  1.1908655814544e-04,  4.3254185715564e-06,  1.4456909197854e-03,  7.1624082681018e-05,  1.7944608450064e-03,  6.5236206188544e-05,  9.1844111111111e-01,  1.0101931119627e-03,  4.5971333333333e-01,  7.1469755322975e-04,  4.5872777777778e-01,  7.1393104069244e-04,  4.5333333333333e-04,  2.2443344307471e-05,  8.4222222222222e-04,  3.0590888662080e-05,  1.4456909197854e-03,  7.1624082681018e-05,  1.7944608450064e-03,  6.5236206188544e-05
  8.1000000000000e-01,  1.2905462573498e-01,  1.3184884050815e-04,  6.4358125203698e-02,  9.3108905009515e-05,  6.4696500531282e-02,  9.3353353187091e-05,  5.7599239679476e-04,  8.8084177302463e-06,  8.9510511616024e-04,  1.0980612019715e-05,  1.3184468474135e-02,  2.0294952522337e-04,  1.3575964107970e-02,  1.6766844633987e-04,  1.0645155555556e+00,  1.0875638196117e-03,  5.3086222222222e-01,  7.6801491755060e-04,  5.3365333333333e-01,  7.7003126439655e-04,  4.7511111111111e-03,  7.2656812107875e-05,  7.3833333333333e-03,  9.0574299355301e-05,  1.3184468474135e-02,  2.0294952522337e-04,  1.3575964107970e-02,  1.6766844633987e-04
  8.7000000000000e-01,  1.2742928240586e-01,  1.2198407276724e-04,  6.3667582270852e-02,  8.6223905387666e-05,  6.3761700135009e-02,  8.6287612949838e-05,  2.4674994882277e-03,  1.6974502175945e-05,  3.7354049088503e-03,  2.0885138190853e-05,  5.6988823922846e-02,  4.0305551427332e-04,  5.7474630598517e-02,  3.3045386464178e-04,  1.2125222222222e+00,  1.1607096594671e-03,  6.0581333333333e-01,  8.2044251835575e-04,  6.0670888888889e-01,  8.2104871210807e-04,  2.3478888888889e-02,  1.6151673077730e-04,  3.5543333333333e-02,  1.9872743291401e-04,  5.6988823922846e-02,  4.0305551427332e-04,  5.7474630598517e-02,  3.3045386464178e-04
  9.3000000000000e-01,  1.2596608491936e-01,  1.1345989403918e-04,  6.2807521953977e-02,  8.0116392823118e-05,  6.3158562965382e-02,  8.0339972344989e-05,  6.5016678735208e-03,  2.5776737456979e-05,  9.9037509214540e-03,  3.1813790186722e-05,  1.5138067647794e-01,  6.4399586300965e-04,  1.5425731731388e-01,  5.3236904566874e-04,  1.3695566666667e+00,  1.2335840585990e-03,  6.8287000000000e-01,  8.7105938055017e-04,  6.8668666666667e-01,  8.7349023187737e-04,  7.0688888888889e-02,  2.8025561524534e-04,  1.0767777777778e-01,  3.4589301136138e-04,  1.5138067647794e-01,  6.4399586300965e-04,  1.5425731731388e-01,  5.3236904566874e-04
  9.9000000000000e-01,  1.2239252496160e-01,  1.0506295441202e-04,  6.1351474444773e-02,  7.4384879569972e-05,  6.1041050516829e-02,  7.4196455987759e-05,  1.2649008473564e-02,  3.3775392431833e-05,  1.9317080390039e-02,  4.1739083202188e-05,  2.9889077134546e-01,  9.0958385193876e-04,  3.0431100988991e-01,  7.5094765216432e-04,  1.5078844444444e+00,  1.2943829265306e-03,  7.5585444444444e-01,  9.1642690467104e-04,  7.5203000000000e-01,  9.1410551299557e-04,  1.5583666666667e-01,  4.1611519060454e-04,  2.3798777777778e-01,  5.1422841636527e-04,  2.9889077134546e-01,  9.0958385193876e-04,  3.0431100988991e-01,  7.5094765216432e-04
  1.0500000000000e+00,  1.2052701277679e-01,  9.8303194478804e-05,  6.0121432395347e-02,  6.9428869556133e-05,  6.0405580381442e-02,  6.9592744714482e-05,  1.9610781140771e-02,  3.9652710656935e-05,  2.9962298688381e-02,  4.9013193365588e-05,  4.7401101147853e-01,  1.1636350190962e-03,  4.7826443076191e-01,  9.5122228566482e-04,  1.6702866666667e+00,  1.3623046920840e-03,  8.3317444444444e-01,  9.6215870973351e-04,  8.3711222222222e-01,  9.6442972338995e-04,  2.7177000000000e-01,  5.4951493761923e-04,  4.1522333333333e-01,  6.7923431837567e-04,  4.7401101147853e-01,  1.1636350190962e-03,  4.7826443076191e-01,  9.5122228566482e-04
  1.1100000000000e+00,  1.1663886590439e-01,  9.1478621717461e-05,  5.8301926998987e-02,  6.4675444634140e-05,  5.8336938905398e-02,  6.4694861408790e-05,  2.7042392959626e-02,  4.4047425340690e-05,  4.0493852609457e-02,  5.3900465678370e-05,  6.6415163491747e-01,  1.3955297615739e-03,  6.6107966224977e-01,  1.1341028623273e-03,  1.8063622222222e+00,  1.4167106746977e-03,  9.0291000000000e-01,  1.0016153619695e-03,  9.0345222222222e-01,  1.0019160655809e-03,  4.1880000000000e-01,  6.8215345292195e-04,  6.2712000000000e-01,  8.3474547018837e-04,  6.6415163491747e-01,  1.3955297615739e-03,  6.6107966224977e-01,  1.1341028623273e-03
  1.1700000000000e+00,  1.1426071595298e-01,  8.5899144495729e-05,  5.7114794816621e-02,  6.0731593785535e-05,  5.7145921136358e-02,  6.0748140229696e-05,  3.3161800230690e-02,  4.6276384131304e-05,  4.9999912237138e-02,  5.6823108630926e-05,  8.2516900442055e-01,  1.5556638771412e-03,  8.3109047329231e-01,  1.2780826891652e-03,  1.9659555555556e+00,  1.4779699123218e-03,  9.8271000000000e-01,  1.0449401896759e-03,  9.8324555555555e-01,  1.0452248857200e-03,  5.7057777777778e-01,  7.9622566439545e-04,  8.6029222222222e-01,  9.7769128405319e-04,  8.2516900442055e-01,  1.5556638771412e-03,  8.3109047329231e-01,  1.2780826891652e-03
  1.2300000000000e+00,  1.1216702533571e-01,  8.0957716185871e-05,  5.5865385739434e-02,  5.7134318027050e-05,  5.6301639596280e-02,  5.7356965693941e-05,  3.8279143167612e-02,  4.7294076659428e-05,  5.7662171983477e-02,  5.8045846030118e-05,  9.6840833968980e-01,  1.6786519602228e-03,  9.7181145661816e-01,  1.3737093550954e-03,  2.1329044444444e+00,  1.5394459481127e-03,  1.0623044444444e+00,  1.0864337400895e-03,  1.0706000000000e+00,  1.0906674816623e-03,  7.2789444444444e-01,  8.9931729936562e-04,  1.0964711111111e+00,  1.1037668388604e-03,  9.6840833968980e-01,  1.6786519602228e-03,  9.7181145661816e-01,  1.3737093550954e-03
  1.2900000000000e+00,  1.0868208868765e-01,  7.5984314156414e-05,  5.4416559962266e-02,  5.3766343401664e-05,  5.4265528725380e-02,  5.3691678266142e-05,  4.2288480708483e-02,  4.7397561745825e-05,  6.3600141021586e-02,  5.8126476666745e-05,  1.0929127177320e+00,  1.7721274655419e-03,  1.0913774902777e+00,  1.4424711214854e-03,  2.2731366666667e+00,  1.5892474342932e-03,  1.1381477777778e+00,  1.1245481945988e-03,  1.1349888888889e+00,  1.1229865384020e-03,  8.8448333333334e-01,  9.9134215045022e-04,  1.3302266666667e+00,  1.2157424191126e-03,  1.0929127177320e+00,  1.7721274655419e-03,  1.0913774902777e+00,  1.4424711214854e-03
  1.3500000000000e+00,  1.0500460124243e-01,  7.1368812122288e-05,  5.2505065546895e-02,  5.0466699826890e-05,  5.2499535695533e-02,  5.0464042171917e-05,  4.5015997548956e-02,  4.6729135071245e-05,  6.7528167965690e-02,  5.7233036373790e-05,  1.1869565773486e+00,  1.8221149670294e-03,  1.1842137050811e+00,  1.4833357587971e-03,  2.4052333333333e+00,  1.6347726084938e-03,  1.2026800000000e+00,  1.1559892348595e-03,  1.2025533333333e+00,  1.1559283586669e-03,  1.0311355555556e+00,  1.0703766499880e-03,  1.5467988888889e+00,  1.3109788068839e-03,  1.1869565773486e+00,  1.8221149670294e-03,  1.1842137050811e+00,  1.4833357587971e-03
  1.4100000000000e+00,  1.0192516241834e-01,  6.7322873144253e-05,  5.0901682805495e-02,  4.7576008840701e-05,  5.1023479612847e-02,  4.7632894423778e-05,  4.6899330325576e-02,  4.5667291726370e-05,  7.0370673452433e-02,  5.5939398172222e-05,  1.2599542219281e+00,  1.8443494156712e-03,  1.2644228733328e+00,  1.5125063009528e-03,  2.5468011111111e+00,  1.6821947010812e-03,  1.2718788888889e+00,  1.1887803688790e-03,  1.2749222222222e+00,  1.1902017673124e-03,  1.1718722222222e+00,  1.1410873090669e-03,  1.7583500000000e+00,  1.3977561383239e-03,  1.2599542219281e+00,  1.8443494156712e-03,  1.2644228733328e+00,  1.5125063009528e-03
  1.4700000000000e+00,  9.7529288007057e-02,  6.3167524971245e-05,  4.8709637571663e-02,  4.4640986461045e-05,  4.8819650435394e-02,  4.4691369846735e-05,  4.7612413699436e-02,  4.4135335581318e-05,  7.1693898181589e-02,  5.4158600236347e-05,  1.3093084950790e+00,  1.8443748726746e-03,  1.3138535360162e+00,  1.5097329140038e-03,  2.6487433333333e+00,  1.7155314477293e-03,  1.3228777777778e+00,  1.2123795600103e-03,  1.3258655555556e+00,  1.2137478941763e-03,  1.2930788888889e+00,  1.1986468708455e-03,  1.9470944444444e+00,  1.4708631043047e-03,  1.3093084950790e+00,  1.8443748726746e-03,  1.3138535360162e+00,  1.5097329140038e-03
  1.5300000000000e+00,  9.3681334719828e-02,  5.9481387473117e-05,  4.7038206117304e-02,  4.2148287226174e-05,  4.6643128602524e-02,  4.1970910636142e-05,  4.7817257735206e-02,  4.2495886033345e-05,  7.1973938329898e-02,  5.2136537968749e-05,  1.3437846925195e+00,  1.8283139325906e-03,  1.3495214450405e+00,  1.4984298596649e-03,  2.7561411111111e+00,  1.7499654317573e-03,  1.3838822222222e+00,  1.2400189166219e-03,  1.3722588888889e+00,  1.2348004287193e-03,  1.4068022222222e+00,  1.2502454080087e-03,  2.1175011111111e+00,  1.5338771177463e-03,  1.3437846925195e+00,  1.8283139325906e-03,  1.3495214450405e+00,  1.4984298596649e-03
  1.5900000000000e+00,  9.0014277463173e-02,  5.6105653123487e-05,  4.5039871119819e-02,  3.9687111562791e-05,  4.4974406343354e-02,  3.9658258764294e-05,  4.7833559473188e-02,  4.0899431578613e-05,  7.2045735025383e-02,  5.0194376125453e-05,  1.3778942734561e+00,  1.8167565656321e-03,  1.3796233298690e+00,  1.4827277752408e-03,  2.8600066666667e+00,  1.7826343386082e-03,  1.4310433333333e+00,  1.2609711131299e-03,  1.4289633333333e+00,  1.2600543786032e-03,  1.5198066666667e+00,  1.2994899284235e-03,  2.2890955555556e+00,  1.5948164490539e-03,  1.3778942734561e+00,  1.8167565656321e-03,  1.3796233298690e+00,  1.4827277752408e-03
  1.6500000000000e+00,  8.5900135016341e-02,  5.2815678764331e-05,  4.2981031188989e-02,  3.7359784089390e-05,  4.2919103827352e-02,  3.7332860272570e-05,  4.7392844244703e-02,  3.9230363205557e-05,  7.1249913801778e-02,  4.8101443988581e-05,  1.3994848623167e+00,  1.7944723382834e-03,  1.4040683220076e+00,  1.4697227431304e-03,  2.9391344444444e+00,  1.8071261544982e-03,  1.4706266666667e+00,  1.2782916840962e-03,  1.4685077777778e+00,  1.2773704664826e-03,  1.6215800000000e+00,  1.3422948839788e-03,  2.4378666666667e+00,  1.6458252461123e-03,  1.3994848623167e+00,  1.7944723382834e-03,  1.4040683220076e+00,  1.4697227431304e-03
  1.7100000000000e+00,  8.1775923312330e-02,  4.9724239984092e-05,  4.0968447388948e-02,  3.5194935886434e-05,  4.0807475923382e-02,  3.5125724618082e-05,  4.6262213540624e-02,  3.7399744054781e-05,  6.9550134455594e-02,  4.5856870459046e-05,  1.4003995950965e+00,  1.7540257717667e-03,  1.4013009607957e+00,  1.4317301011233e-03,  3.0051911111111e+00,  1.8273207804236e-03,  1.5055533333333e+00,  1.2933820151204e-03,  1.4996377777778e+00,  1.2908385636984e-03,  1.7000944444444e+00,  1.3744067182463e-03,  2.5559044444444e+00,  1.6851984533462e-03,  1.4003995950965e+00,  1.7540257717667e-03,  1.4013009607957e+00,  1.4317301011233e-03
  1.7700000000000e+00,  7.7328014180954e-02,  4.6714121186058e-05,  3.8684085736024e-02,  3.3040447662387e-05,  3.8643928444930e-02,  3.3023293846235e-05,  4.5305495320372e-02,  3.5756515986770e-05,  6.7886789529364e-02,  4.3769581049760e-05,  1.4084547818489e+00,  1.7251087182560e-03,  1.4055164000372e+00,  1.4054881797467e-03,  3.0446322222222e+00,  1.8392728702827e-03,  1.5231066666667e+00,  1.3008999733803e-03,  1.5215255555556e+00,  1.3002245769933e-03,  1.7838111111111e+00,  1.4078396022555e-03,  2.6729033333333e+00,  1.7233376316301e-03,  1.4084547818489e+00,  1.7251087182560e-03,  1.4055164000372e+00,  1.4054881797467e-03
  1.8300000000000e+00,  7.2903511327648e-02,  4.3870996083628e-05,  3.6438740385392e-02,  3.1015940147989e-05,  3.6464770942256e-02,  3.1027016519577e-05,  4.4191094302256e-02,  3.4156286683442e-05,  6.6365459128351e-02,  4.1857600016730e-05,  1.4110490214343e+00,  1.6934836814842e-03,  1.4093397290564e+00,  1.3797389867972e-03,  3.0683111111111e+00,  1.8464112672699e-03,  1.5336077777778e+00,  1.3053768199165e-03,  1.5347033333333e+00,  1.3058429943626e-03,  1.8598833333333e+00,  1.4375454904235e-03,  2.7931422222222e+00,  1.7616728862149e-03,  1.4110490214343e+00,  1.6934836814842e-03,  1.4093397290564e+00,  1.3797389867972e-03
  1.8900000000000e+00,  6.9110943593246e-02,  4.1358729025712e-05,  3.4616655535430e-02,  2.9270916860995e-05,  3.4494288057817e-02,  2.9219135728816e-05,  4.2636650709077e-02,  3.2485182709993e-05,  6.3980469288119e-02,  3.9793989732004e-05,  1.3944176152231e+00,  1.6439743679609e-03,  1.3989156087295e+00,  1.3476250133564e-03,  3.1025355555556e+00,  1.8566802978421e-03,  1.5540144444444e+00,  1.3140329965604e-03,  1.5485211111111e+00,  1.3117084326731e-03,  1.9140488888889e+00,  1.4583281481389e-03,  2.8722177777778e+00,  1.7864358612667e-03,  1.3944176152231e+00,  1.6439743679609e-03,  1.3989156087295e+00,  1.3476250133564e-03
  1.9500000000000e+00,  6.4801329310871e-02,  3.8816290380654e-05,  3.2403501293798e-02,  2.7448463609402e-05,  3.2397828017073e-02,  2.7446060635337e-05,  4.1354815911578e-02,  3.1008811187122e-05,  6.2022818783616e-02,  3.7975003331062e-05,  1.3943840960334e+00,  1.6178503788763e-03,  1.3947055400415e+00,  1.3214626909452e-03,  3.0966866666667e+00,  1.8549293687262e-03,  1.5484788888889e+00,  1.3116905499261e-03,  1.5482077777778e+00,  1.3115757180573e-03,  1.9762388888889e+00,  1.4818302830130e-03,  2.9639088888889e+00,  1.8147264528753e-03,  1.3943840960334e+00,  1.6178503788763e-03,  1.3947055400415e+00,  1.3214626909452e-03
  2.0100000000000e+00,  6.0483548383508e-02,  3.6381471692268e-05,  3.0196682567129e-02,  2.5706399280239e-05,  3.0286865816379e-02,  2.5744757107811e-05,  4.0114651601916e-02,  2.9628737369816e-05,  6.0173432677341e-02,  3.6288082949755e-05,  1.3942772257346e+00,  1.5934794630397e-03,  1.3949397796953e+00,  1.3018531450066e-03,  3.0709411111111e+00,  1.8472024226174e-03,  1.5331811111111e+00,  1.3051952221416e-03,  1.5377600000000e+00,  1.3071427704051e-03,  2.0367477777778e+00,  1.5043447365613e-03,  3.0551955555556e+00,  1.8424607806939e-03,  1.3942772257346e+00,  1.5934794630397e-03,  1.3949397796953e+00,  1.3018531450066e-03
  2.0700000000000e+00,  5.6183653459620e-02,  3.4048129139352e-05,  2.8035651556790e-02,  2.4051578925919e-05,  2.8148001902830e-02,  2.4099723007957e-05,  3.8463641333539e-02,  2.8171726488340e-05,  5.7831499802226e-02,  3.4543830410583e-05,  1.3747897201259e+00,  1.5517148745092e-03,  1.3821306557047e+00,  1.2742009549248e-03,  3.0254566666667e+00,  1.8334717119494e-03,  1.5097033333333e+00,  1.2951633673588e-03,  1.5157533333333e+00,  1.2977558978369e-03,  2.0712444444444e+00,  1.5170308882977e-03,  3.1141922222222e+00,  1.8601649336139e-03,  1.3747897201259e+00,  1.5517148745092e-03,  1.3821306557047e+00,  1.2742009549248e-03
  2.1300000000000e+00,  5.2291979719053e-02,  3.1922536602259e-05,  2.6122136963180e-02,  2.2562343282944e-05,  2.6169842755873e-02,  2.2582936228604e-05,  3.7027197878736e-02,  2.6862119393860e-05,  5.5506001600436e-02,  3.2888935983230e-05,  1.3700023722261e+00,  1.5300835200952e-03,  1.3679923307314e+00,  1.2473366637446e-03,  2.9814866666667e+00,  1.8200997123682e-03,  1.4893833333333e+00,  1.2864176500540e-03,  1.4921033333333e+00,  1.2875917802598e-03,  2.1111477777778e+00,  1.5315742727946e-03,  3.1647377777778e+00,  1.8752000716302e-03,  1.3700023722261e+00,  1.5300835200952e-03,  1.3679923307314e+00,  1.2473366637446e-03
  2.1900000000000e+00,  4.8139470385388e-02,  2.9789743932839e-05,  2.4019169257954e-02,  2.1042392026615e-05,  2.4120301127435e-02,  2.1086644621237e-05,  3.5544644513171e-02,  2.5597833134550e-05,  5.3431896890114e-02,  3.1384586588356e-05,  1.3584468451763e+00,  1.5023970574848e-03,  1.3624348211940e+00,  1.2300180155119e-03,  2.9015266666667e+00,  1.7955273650152e-03,  1.4477155555556e+00,  1.2682952493431e-03,  1.4538111111111e+00,  1.2709625010253e-03,  2.1423944444445e+00,  1.5428669001586e-03,  3.2205188888889e+00,  1.8916538586612e-03,  1.3584468451763e+00,  1.5023970574848e-03,  1.3624348211940e+00,  1.2300180155119e-03
  2.2500000000000e+00,  4.4352251892710e-02,  2.7831477667642e-05,  2.2120449030795e-02,  1.9655106296489e-05,  2.2231802861915e-02,  1.9704515869165e-05,  3.4155866598108e-02,  2.4423678914952e-05,  5.1232315412275e-02,  2.9912342131350e-05,  1.3453236964676e+00,  1.4732415571003e-03,  1.3506073459789e+00,  1.2089980144443e-03,  2.8217355555556e+00,  1.7706670292280e-03,  1.4073255555556e+00,  1.2504779333233e-03,  1.4144100000000e+00,  1.2536214207912e-03,  2.1730311111111e+00,  1.5538593927205e-03,  3.2594522222222e+00,  1.9030537512763e-03,  1.3453236964676e+00,  1.4732415571003e-03,  1.3506073459789e+00,  1.2089980144443e-03
  2.3100000000000e+00,  4.0431882450203e-02,  2.5882820858644e-05,  2.0221458739619e-02,  1.8304415536148e-05,  2.0210423710584e-02,  1.8299420413790e-05,  3.2722009221086e-02,  2.3284644240995e-05,  4.8901250665686e-02,  2.8464896482679e-05,  1.3367827809208e+00,  1.4541180281251e-03,  1.3327038623509e+00,  1.1848219814772e-03,  2.7113288888889e+00,  1.7356807466585e-03,  1.3560344444444e+00,  1.2274790989144e-03,  1.3552944444444e+00,  1.2271441301043e-03,  2.1943111111111e+00,  1.5614491528033e-03,  3.2792777777778e+00,  1.9088326210825e-03,  1.3367827809208e+00,  1.4541180281251e-03,  1.3327038623509e+00,  1.1848219814772e-03
  2.3700000000000e+00,  3.7055182537936e-02,  2.4151179634206e-05,  1.8525308848036e-02,  1.7076410971067e-05,  1.8529873689900e-02,  1.7078514750144e-05,  3.1262492657095e-02,  2.2183275407595e-05,  4.6858495258283e-02,  2.7158641277711e-05,  1.3260724851824e+00,  1.4350960011693e-03,  1.3250979732316e+00,  1.1710847324708e-03,  2.6156444444444e+00,  1.7047790487152e-03,  1.3076611111111e+00,  1.2053865728983e-03,  1.3079833333333e+00,  1.2055350740708e-03,  2.2067511111111e+00,  1.5658689852642e-03,  3.3076388888889e+00,  1.9170692008865e-03,  1.3260724851824e+00,  1.4350960011693e-03,  1.3250979732316e+00,  1.1710847324708e-03
  2.4300000000000e+00,  3.3691761176445e-02,  2.2460445412778e-05,  1.6895801051944e-02,  1.5905447820995e-05,  1.6795960124500e-02,  1.5858383831714e-05,  2.9958836470503e-02,  2.1179659750726e-05,  4.4888244403165e-02,  2.5925241932300e-05,  1.3155298345691e+00,  1.4152068722638e-03,  1.3140764806672e+00,  1.1545153037936e-03,  2.5001622222222e+00,  1.6667207398636e-03,  1.2537855555556e+00,  1.1802944809362e-03,  1.2463766666667e+00,  1.1768020066957e-03,  2.2231533333333e+00,  1.5716775656509e-03,  3.3310188888889e+00,  1.9238326587220e-03,  1.3155298345691e+00,  1.4152068722638e-03,  1.3140764806672e+00,  1.1545153037936e-03
  2.4900000000000e+00,  3.0476034271991e-02,  2.0846981745728e-05,  1.5320527090616e-02,  1.4780897761840e-05,  1.5155507181375e-02,  1.4701078506720e-05,  2.8564815095007e-02,  2.0182718739341e-05,  4.2892769962776e-02,  2.4731815964600e-05,  1.2973278247798e+00,  1.3893429769717e-03,  1.3031968475621e+00,  1.1403744075834e-03,  2.3745866666667e+00,  1.6243243609666e-03,  1.1937222222222e+00,  1.1516761804828e-03,  1.1808644444444e+00,  1.1454569415470e-03,  2.2256711111111e+00,  1.5725672962498e-03,  3.3420555555556e+00,  1.9270171410053e-03,  1.2973278247798e+00,  1.3893429769717e-03,  1.3031968475621e+00,  1.1403744075834e-03
  2.5500000000000e+00,  2.7584346772515e-02,  1.9366670635138e-05,  1.3801399038531e-02,  1.3698883462983e-05,  1.3782947733984e-02,  1.3689723275418e-05,  2.7222935074017e-02,  1.9239380703956e-05,  4.0814367240907e-02,  2.3557551470564e-05,  1.2876185049389e+00,  1.3763698512502e-03,  1.2886672293541e+00,  1.1252504388347e-03,  2.2540988888889e+00,  1.5825783775180e-03,  1.1278033333333e+00,  1.1194261095824e-03,  1.1262955555556e+00,  1.1186775702466e-03,  2.2245655555556e+00,  1.5721766777856e-03,  3.3352111111111e+00,  1.9250428887318e-03,  1.2876185049389e+00,  1.3763698512502e-03,  1.2886672293541e+00,  1.1252504388347e-03
  2.6100000000000e+00,  2.4705791407403e-02,  1.7907012150480e-05,  1.2373526121277e-02,  1.2672738777558e-05,  1.2332265286126e-02,  1.2651591837915e-05,  2.6020336435692e-02,  1.8377236184105e-05,  3.8867213503165e-02,  2.2460294483599e-05,  1.2786763538117e+00,  1.3632303492728e-03,  1.2730515222433e+00,  1.1091305317830e-03,  2.1149922222222e+00,  1.5329681529715e-03,  1.0592622222222e+00,  1.0848769629278e-03,  1.0557300000000e+00,  1.0830666338381e-03,  2.2275266666667e+00,  1.5732226891415e-03,  3.3273111111111e+00,  1.9227616455710e-03,  1.2786763538117e+00,  1.3632303492728e-03,  1.2730515222433e+00,  1.1091305317830e-03
  2.6700000000000e+00,  2.2031877301765e-02,  1.6530240271214e-05,  1.1025178462160e-02,  1.1693545990678e-05,  1.1006698839605e-02,  1.1683741934327e-05,  2.4695051362912e-02,  1.7500819312529e-05,  3.7050043307978e-02,  2.1436198700697e-05,  1.2652881480870e+00,  1.3495830452457e-03,  1.2595641962972e+00,  1.0954478402697e-03,  1.9737955555556e+00,  1.4809139653739e-03,  9.8772555555555e-01,  1.0476033789112e-03,  9.8607000000000e-01,  1.0467250514502e-03,  2.2123844444444e+00,  1.5678663649277e-03,  3.3192455555556e+00,  1.9204298001447e-03,  1.2652881480870e+00,  1.3495830452457e-03,  1.2595641962972e+00,  1.0954478402697e-03
  2.7300000000000e+00,  1.9603017545739e-02,  1.5249790939140e-05,  9.7673009994443e-03,  1.0764397121234e-05,  9.8357165462945e-03,  1.0802031211945e-05,  2.3469296714305e-02,  1.6686008613727e-05,  3.5146526786949e-02,  2.0419430841466e-05,  1.2555215457853e+00,  1.3406025705067e-03,  1.2490834135803e+00,  1.0883170709647e-03,  1.8360122222222e+00,  1.4282904397380e-03,  9.1480222222222e-01,  1.0081899194002e-03,  9.2121000000000e-01,  1.0117147160473e-03,  2.1981266666667e+00,  1.5628061181615e-03,  3.2918122222222e+00,  1.9124772249108e-03,  1.2555215457853e+00,  1.3406025705067e-03,  1.2490834135803e+00,  1.0883170709647e-03
  2.7900000000000e+00,  1.7410278072649e-02,  1.4062550501175e-05,  8.7035374822922e-03,  9.9428100648025e-06,  8.7067405903568e-03,  9.9446394913726e-06,  2.2296687576365e-02,  1.5914075551828e-05,  3.3390743226269e-02,  1.9474857305132e-05,  1.2390706476216e+00,  1.3233387645932e-03,  1.2364597182691e+00,  1.0784715945319e-03,  1.7031022222222e+00,  1.3756219693176e-03,  8.5139444444444e-01,  9.7262213997034e-04,  8.5170777777778e-01,  9.7280109750588e-04,  2.1810988888889e+00,  1.5567412148063e-03,  3.2663377777778e+00,  1.9050627804697e-03,  1.2390706476216e+00,  1.3233387645932e-03,  1.2364597182691e+00,  1.0784715945319e-03
  2.8500000000000e+00,  1.5378302943761e-02,  1.2938238102391e-05,  7.6988394215306e-03,  9.1544775487637e-06,  7.6794635222304e-03,  9.1429506180091e-06,  2.1160572020416e-02,  1.5176954598984e-05,  3.1646699868294e-02,  1.8560306652929e-05,  1.2231398094648e+00,  1.3080270358407e-03,  1.2230032185424e+00,  1.0694349294595e-03,  1.5697266666667e+00,  1.3206592068890e-03,  7.8585222222222e-01,  9.3443519614924e-04,  7.8387444444444e-01,  9.3325859489119e-04,  2.1599466666667e+00,  1.5491742125212e-03,  3.2303088888889e+00,  1.8945268799269e-03,  1.2231398094648e+00,  1.3080270358407e-03,  1.2230032185424e+00,  1.0694349294595e-03
  2.9100000000000e+00,  1.3493106860161e-02,  1.1869409444837e-05,  6.7437917590809e-03,  8.3912219253814e-06,  6.7493151010801e-03,  8.3946575372784e-06,  1.9979922261424e-02,  1.4443419611448e-05,  3.0059708177050e-02,  1.7715993471639e-05,  1.2105950729330e+00,  1.3011570984154e-03,  1.2127644068953e+00,  1.0632240273479e-03,  1.4358966666667e+00,  1.2631075729093e-03,  7.1765444444444e-01,  8.9296910761823e-04,  7.1824222222222e-01,  8.9333471531126e-04,  2.1262044444444e+00,  1.5370261490020e-03,  3.1988655555556e+00,  1.8852838146360e-03,  1.2105950729330e+00,  1.3011570984154e-03,  1.2127644068953e+00,  1.0632240273479e-03
  2.9700000000000e+00,  1.1736561436031e-02,  1.0846270145406e-05,  5.8522581324935e-03,  7.6589937615444e-06,  5.8843033035375e-03,  7.6799342853799e-06,  1.8901649183005e-02,  1.3764480600701e-05,  2.8355285369903e-02,  1.6858812869642e-05,  1.1931494844872e+00,  1.2867349717814e-03,  1.1983415654944e+00,  1.0563824483455e-03,  1.3010033333333e+00,  1.2023141266987e-03,  6.4872555555556e-01,  8.4900304642534e-04,  6.5227777777778e-01,  8.5132431330237e-04,  2.0952566666667e+00,  1.5257991227429e-03,  3.1431966666667e+00,  1.8688073043363e-03,  1.1931494844872e+00,  1.2867349717814e-03,  1.1983415654944e+00,  1.0563824483455e-03
  3.0300000000000e+00,  1.0241298968272e-02,  9.9311973345114e-06,  5.1234278791825e-03,  7.0243218563444e-06,  5.1178710890895e-03,  7.0205115878752e-06,  1.7852011580401e-02,  1.3111961615988e-05,  2.6752486953727e-02,  1.6051150607385e-05,  1.1793892644095e+00,  1.2788072305388e-03,  1.1817464807906e+00,  1.0472936456643e-03,  1.1815833333333e+00,  1.1458055552188e-03,  5.9111222222222e-01,  8.1042665184746e-04,  5.9047111111111e-01,  8.0998704455422e-04,  2.0596644444444e+00,  1.5127842044993e-03,  3.0865511111111e+00,  1.8518912588400e-03,  1.1793892644095e+00,  1.2788072305388e-03,  1.1817464807906e+00,  1.0472936456643e-03
  3.0900000000000e+00,  8.9049286782647e-03,  9.0807921228376e-06,  4.4440468821488e-03,  6.4150172294503e-06,  4.4608817961159e-03,  6.4271564104232e-06,  1.6809698636597e-02,  1.2476376585156e-05,  2.5248490956626e-02,  1.5290659750523e-05,  1.1635853986226e+00,  1.2703220343801e-03,  1.1659230466612e+00,  1.0391594616232e-03,  1.0684911111111e+00,  1.0895927430371e-03,  5.3323555555556e-01,  7.6972979065207e-04,  5.3525555555556e-01,  7.7118635559878e-04,  2.0169744444444e+00,  1.4970246210565e-03,  3.0295344444444e+00,  1.8347068928622e-03,  1.1635853986226e+00,  1.2703220343801e-03,  1.1659230466612e+00,  1.0391594616232e-03
  3.1500000000000e+00,  7.7172999586649e-03,  8.2925745541924e-06,  3.8531787898016e-03,  5.8595771233128e-06,  3.8641211688633e-03,  5.8678913310310e-06,  1.5855320135082e-02,  1.1886231978126e-05,  2.3736907262119e-02,  1.4543494158051e-05,  1.1534468877339e+00,  1.2689189132948e-03,  1.1475109426511e+00,  1.0303129443921e-03,  9.6229777777778e-01,  1.0340308279188e-03,  4.8046666666667e-01,  7.3065166245747e-04,  4.8183111111111e-01,  7.3168839080211e-04,  1.9770566666667e+00,  1.4821368457837e-03,  2.9598400000000e+00,  1.8134803861942e-03,  1.1534468877339e+00,  1.2689189132948e-03,  1.1475109426511e+00,  1.0303129443921e-03
  3.2100000000000e+00,  6.7491494393526e-03,  7.6100407265423e-06,  3.3884068781213e-03,  5.3921285345235e-06,  3.3607425612314e-03,  5.3700716686847e-06,  1.4892592462996e-02,  1.1304402472626e-05,  2.2389261948931e-02,  1.3860610118889e-05,  1.1338566267500e+00,  1.2572396434500e-03,  1.1341027759655e+00,  1.0256581819904e-03,  8.7394000000000e-01,  9.8541587385451e-04,  4.3876111111111e-01,  6.9822084305685e-04,  4.3517888888889e-01,  6.9536472355551e-04,  1.9284255555556e+00,  1.4637947471310e-03,  2.8991611111111e+00,  1.7947952873397e-03,  1.1338566267500e+00,  1.2572396434500e-03,  1.1341027759655e+00,  1.0256581819904e-03
  3.2700000000000e+00,  5.7714148568113e-03,  6.9081397547133e-06,  2.8958738582931e-03,  4.8933895325256e-06,  2.8755409985181e-03,  4.8761802421177e-06,  1.4004718152928e-02,  1.0761112084862e-05,  2.0970446660541e-02,  1.3168121008167e-05,  1.1198489317515e+00,  1.2528373096918e-03,  1.1158370841638e+00,  1.0191967524883e-03,  7.7553222222222e-01,  9.2827930556261e-04,  3.8913222222222e-01,  6.5754782016403e-04,  3.8640000000000e-01,  6.5523532668297e-04,  1.8818800000000e+00,  1.4460213614528e-03,  2.8178977777778e+00,  1.7694624977275e-03,  1.1198489317515e+00,  1.2528373096918e-03,  1.1158370841638e+00,  1.0191967524883e-03
  3.3300000000000e+00,  4.9130215003926e-03,  6.2589003559092e-06,  2.4540030936174e-03,  4.4234513794088e-06,  2.4590184067752e-03,  4.4279692364792e-06,  1.3121016037272e-02,  1.0228393752316e-05,  1.9671070835638e-02,  1.2523845642678e-05,  1.1046634489518e+00,  1.2492843103172e-03,  1.1023126508826e+00,  1.0175673123459e-03,  6.8463444444444e-01,  8.7218400482444e-04,  3.4196777777778e-01,  6.1641235997574e-04,  3.4266666666667e-01,  6.1704192786288e-04,  1.8284266666667e+00,  1.4253368672651e-03,  2.7411833333333e+00,  1.7452103767911e-03,  1.1046634489518e+00,  1.2492843103172e-03,  1.1023126508826e+00,  1.0175673123459e-03
  3.3900000000000e+00,  4.1776487634940e-03,  5.6693648718614e-06,  2.0980030006173e-03,  4.0176444383076e-06,  2.0796457628767e-03,  4.0000289020997e-06,  1.2297925946282e-02,  9.7271224562557e-06,  1.8378072359083e-02,  1.1891001259042e-05,  1.0869707134993e+00,  1.2420198306311e-03,  1.0797811243482e+00,  1.0075416668973e-03,  6.0332666666667e-01,  8.1875696208519e-04,  3.0298888888889e-01,  5.8021920080919e-04,  3.0033777777778e-01,  5.7767520457027e-04,  1.7760388888889e+00,  1.4047692135044e-03,  2.6541200000000e+00,  1.7172717380258e-03,  1.0869707134993e+00,  1.2420198306311e-03,  1.0797811243482e+00,  1.0075416668973e-03
  3.4500000000000e+00,  3.5161179801125e-03,  5.1107067801421e-06,  1.7484279982953e-03,  3.6039032323970e-06,  1.7676899818172e-03,  3.6237004959169e-06,  1.1426033313690e-02,  9.2129133832875e-06,  1.7198841603920e-02,  1.1303133148077e-05,  1.0630830253699e+00,  1.2311955544724e-03,  1.0658740663160e+00,  1.0068330524462e-03,  5.2592333333333e-01,  7.6443394695635e-04,  2.6152111111111e-01,  5.3905381210569e-04,  2.6440222222222e-01,  5.4201498772043e-04,  1.7090488888889e+00,  1.3780214838226e-03,  2.5725166666667e+00,  1.6906660970907e-03,  1.0630830253699e+00,  1.2311955544724e-03,  1.0658740663160e+00,  1.0068330524462e-03
  3.5100000000000e+00,  3.0323859761223e-03,  4.6650214928036e-06,  1.5235634254638e-03,  3.3066762680776e-06,  1.5088225506585e-03,  3.2906409081594e-06,  1.0700224475102e-02,  8.7631017330696e-06,  1.6002418104536e-02,  1.0716530784926e-05,  1.0440424122492e+00,  1.2224414229600e-03,  1.0435043052232e+00,  9.9896581392637e-04,  4.6948222222222e-01,  7.2225128146667e-04,  2.3588222222222e-01,  5.1194858923987e-04,  2.3360000000000e-01,  5.0946595132114e-04,  1.6566377777778e+00,  1.3567271803776e-03,  2.4775377777778e+00,  1.6591623648957e-03,  1.0440424122492e+00,  1.2224414229600e-03,  1.0435043052232e+00,  9.9896581392637e-04
  3.5700000000000e+00,  2.5239547969684e-03,  4.1844778385090e-06,  1.2639580455013e-03,  2.9611936892265e-06,  1.2599967514671e-03,  2.9565497993198e-06,  9.9533582894615e-03,  8.3096992273035e-06,  1.4953059420624e-02,  1.0185105112797e-05,  1.0295446244240e+00,  1.2245038213352e-03,  1.0315612646330e+00,  1.0014872946464e-03,  4.0423888888889e-01,  6.7018976490816e-04,  2.0243666666667e-01,  4.7426746634113e-04,  2.0180222222222e-01,  4.7352369672280e-04,  1.5941388888889e+00,  1.3308889630990e-03,  2.3948955555556e+00,  1.6312556702517e-03,  1.0295446244240e+00,  1.2245038213352e-03,  1.0315612646330e+00,  1.0014872946464e-03
  3.6300000000000e+00,  2.1496454749175e-03,  3.7979187096868e-06,  1.0774430043371e-03,  2.6888055588221e-06,  1.0722024705804e-03,  2.6822585990610e-06,  9.2601170885857e-03,  7.8826180512567e-06,  1.3889575085156e-02,  9.6539873274990e-06,  1.0090224398461e+00,  1.2174390390089e-03,  1.0098468719692e+00,  9.9507261476199e-04,  3.5595888888889e-01,  6.2889575967978e-04,  1.7841333333333e-01,  4.4523818012052e-04,  1.7754555555556e-01,  4.4415407181087e-04,  1.5333788888889e+00,  1.3052794034182e-03,  2.2999688888889e+00,  1.5985996958758e-03,  1.0090224398461e+00,  1.2174390390089e-03,  1.0098468719692e+00,  9.9507261476199e-04
  3.6900000000000e+00,  1.7758364122209e-03,  3.3958159286483e-06,  8.8413568591621e-04,  2.3960844620387e-06,  8.9170072630468e-04,  2.4063135855574e-06,  8.6179446578184e-03,  7.4807391823384e-06,  1.2930965744395e-02,  9.1634316209319e-06,  9.9358693609621e-01,  1.2177672063015e-03,  9.9290674407786e-01,  9.9329701685906e-04,  3.0386111111111e-01,  5.8105374690309e-04,  1.5128333333333e-01,  4.0999096647681e-04,  1.5257777777778e-01,  4.1174125879918e-04,  1.4746055555556e+00,  1.2800197722238e-03,  2.2126011111111e+00,  1.5679431364091e-03,  9.9358693609621e-01,  1.2177672063015e-03,  9.9290674407786e-01,  9.9329701685906e-04
  3.7500000000000e+00,  1.5035789433451e-03,  3.0746878426651e-06,  7.4830935782605e-04,  2.1690946402889e-06,  7.5526958551907e-04,  2.1791589596224e-06,  7.9769742334433e-03,  7.0820176980763e-06,  1.2001167884102e-02,  8.6865969011589e-06,  9.7094013692696e-01,  1.2101744784015e-03,  9.7515299796309e-01,  9.9197171517410e-04,  2.6571000000000e-01,  5.4335378284625e-04,  1.3224000000000e-01,  3.8331884030573e-04,  1.3347000000000e-01,  3.8509739027939e-04,  1.4096777777778e+00,  1.2515225295516e-03,  2.1208266666667e+00,  1.5350811294762e-03,  9.7094013692696e-01,  1.2101744784015e-03,  9.7515299796309e-01,  9.9197171517410e-04
  3.8100000000000e+00,  1.2305041043014e-03,  2.7377001718559e-06,  6.1768845271360e-04,  1.9396755488347e-06,  6.1281565158777e-04,  1.9320095745706e-06,  7.3907175605856e-03,  6.7094613094073e-06,  1.1072301541196e-02,  8.2122715657361e-06,  9.4993772160501e-01,  1.2042219832562e-03,  9.4997436686684e-01,  9.8390175593877e-04,  2.2446666666667e-01,  4.9940705582461e-04,  1.1267777777778e-01,  3.5383263114670e-04,  1.1178888888889e-01,  3.5243421590874e-04,  1.3482033333333e+00,  1.2239296155023e-03,  2.0197922222222e+00,  1.4980699517202e-03,  9.4993772160501e-01,  1.2042219832562e-03,  9.4997436686684e-01,  9.8390175593877e-04
  3.8700000000000e+00,  1.0144216626466e-03,  2.4471903762052e-06,  5.1505966884674e-04,  1.7437622468995e-06,  4.9936199379987e-04,  1.7169839730409e-06,  6.8412109055301e-03,  6.3551380403473e-06,  1.0258829136191e-02,  7.7822897594743e-06,  9.2903670625774e-01,  1.1986575578955e-03,  9.3261259946138e-01,  9.8352019538185e-04,  1.9092333333333e-01,  4.6058336600124e-04,  9.6938888888889e-02,  3.2819182887941e-04,  9.3984444444444e-02,  3.2315191550388e-04,  1.2875777777778e+00,  1.1960944675521e-03,  1.9308044444444e+00,  1.4646973310568e-03,  9.2903670625774e-01,  1.1986575578955e-03,  9.3261259946138e-01,  9.8352019538185e-04
  3.9300000000000e+00,  8.4762463037630e-04,  2.2028190778164e-06,  4.2609647762817e-04,  1.5618201338154e-06,  4.2152815274812e-04,  1.5534251701324e-06,  6.3245366616681e-03,  6.0171578177240e-06,  9.4934485276191e-03,  7.3720631216413e-06,  9.1462015319047e-01,  1.2040506804752e-03,  9.1771161739502e-01,  9.8687676523135e-04,  1.6451555555556e-01,  4.2754539142458e-04,  8.2701111111111e-02,  3.0313383753186e-04,  8.1814444444444e-02,  3.0150445812891e-04,  1.2275300000000e+00,  1.1678708071624e-03,  1.8425844444444e+00,  1.4308445231341e-03,  9.1462015319047e-01,  1.2040506804752e-03,  9.1771161739502e-01,  9.8687676523135e-04
  3.9900000000000e+00,  6.9415270544863e-04,  1.9634702982224e-06,  3.4649319913854e-04,  1.3872162996979e-06,  3.4765950631009e-04,  1.3895490455015e-06,  5.8220221235708e-03,  5.6863521471459e-06,  8.7093210497898e-03,  6.9548693458548e-06,  8.9508053946284e-01,  1.2034716132341e-03,  8.9540739708726e-01,  9.8441141044410e-04,  1.3887333333333e-01,  3.9281510116556e-04,  6.9320000000000e-02,  2.7752877728665e-04,  6.9553333333334e-02,  2.7799547025353e-04,  1.1647633333333e+00,  1.1376209744381e-03,  1.7424011111111e+00,  1.3914026141157e-03,  8.9508053946284e-01,  1.2034716132341e-03,  8.9540739708726e-01,  9.8441141044410e-04
  4.0500000000000e+00,  5.6182023085522e-04,  1.7402574651584e-06,  2.7886172266083e-04,  1.2260530765004e-06,  2.8295850819439e-04,  1.2350262744750e-06,  5.3384241996536e-03,  5.3644025312530e-06,  8.0263629217746e-03,  6.5777023169033e-06,  8.7585112075103e-01,  1.2054182206031e-03,  8.7508925848022e-01,  9.8201641643635e-04,  1.1580444444444e-01,  3.5870824487077e-04,  5.7480000000000e-02,  2.5271855228033e-04,  5.8324444444444e-02,  2.5456814072386e-04,  1.1003755555555e+00,  1.1057303044472e-03,  1.6544233333333e+00,  1.3558201016905e-03,  8.7585112075103e-01,  1.2054182206031e-03,  8.7508925848022e-01,  9.8201641643635e-04
  4.1100000000000e+00,  4.6041701541816e-04,  1.5524006559594e-06,  2.2960656645293e-04,  1.0962769605231e-06,  2.3081044896522e-04,  1.0991472251020e-06,  4.9096317874524e-03,  5.0693537237969e-06,  7.3666984180495e-03,  6.2096136541637e-06,  8.5238956388982e-01,  1.1978652342090e-03,  8.5161252455183e-01,  9.7680704752382e-04,  9.7735555555556e-02,  3.2953764842336e-04,  4.8740000000000e-02,  2.3271346234276e-04,  4.8995555555556e-02,  2.3332275108279e-04,  1.0421977777778e+00,  1.0761029369276e-03,  1.5637744444445e+00,  1.3181529351687e-03,  8.5238956388982e-01,  1.1978652342090e-03,  8.5161252455183e-01,  9.7680704752382e-04
  4.1700000000000e+00,  3.8110570991958e-04,  1.3920561067396e-06,  1.8819099718261e-04,  9.7821300826586e-07,  1.9291471273698e-04,  9.9041380986455e-07,  4.4979636456656e-03,  4.7823568865934e-06,  6.7468234349427e-03,  5.8571140998154e-06,  8.3177591183910e-01,  1.1969294491362e-03,  8.3082289648643e-01,  9.7592392252965e-04,  8.3278888888888e-02,  3.0419089198303e-04,  4.1123333333333e-02,  2.1375825736704e-04,  4.2155555555555e-02,  2.1642436594071e-04,  9.8289111111110e-01,  1.0450364752332e-03,  1.4743100000000e+00,  1.2798914884560e-03,  8.3177591183910e-01,  1.1969294491362e-03,  8.3082289648643e-01,  9.7592392252965e-04
  4.2300000000000e+00,  3.1234291496685e-04,  1.2423547782517e-06,  1.5833089701387e-04,  8.8453015091547e-07,  1.5401201795298e-04,  8.7238283291578e-07,  4.1235263767820e-03,  4.5140274281529e-06,  6.1833253152569e-03,  5.5276540298845e-06,  8.1166095060977e-01,  1.1959376290000e-03,  8.0858651816230e-01,  9.7210885148074e-04,  7.0231111111112e-02,  2.7934668049081e-04,  3.5601111111111e-02,  1.9888888888889e-04,  3.4630000000000e-02,  1.9615753306406e-04,  9.2718555555556e-01,  1.0149907254943e-03,  1.3903366666667e+00,  1.2429072847636e-03,  8.1166095060977e-01,  1.1959376290000e-03,  8.0858651816230e-01,  9.7210885148074e-04
  4.2900000000000e+00,  2.4191340731471e-04,  1.0780600453895e-06,  1.2084140156069e-04,  7.6194014867983e-07,  1.2107200575402e-04,  7.6266681538853e-07,  3.7773735548643e-03,  4.2599838163281e-06,  5.6445084487279e-03,  5.2074612288164e-06,  7.9202351523796e-01,  1.1957157280158e-03,  7.8723246011065e-01,  9.7094232401571e-04,  5.5948888888888e-02,  2.4932996630723e-04,  2.7947777777778e-02,  1.7621885943267e-04,  2.8001111111111e-02,  1.7638692037397e-04,  8.7361777777777e-01,  9.8523419538355e-04,  1.3054422222222e+00,  1.2043634659125e-03,  7.9202351523796e-01,  1.1957157280158e-03,  7.8723246011065e-01,  9.7094232401571e-04
  4.3500000000000e+00,  1.9754983065811e-04,  9.6077002377215e-07,  9.9564591316123e-05,  6.8207726108244e-07,  9.7985239341989e-05,  6.7664588116194e-07,  3.4421181927627e-03,  4.0104582817937e-06,  5.1551964217718e-03,  4.9079906003435e-06,  7.6717450326332e-01,  1.1882343515481e-03,  7.6566943757001e-01,  9.6862241983625e-04,  4.6975555555556e-02,  2.2846238580649e-04,  2.3675555555556e-02,  1.6219177796518e-04,  2.3300000000000e-02,  1.6090024514863e-04,  8.1850444444445e-01,  9.5365055587257e-04,  1.2258588888889e+00,  1.1670755897108e-03,  7.6717450326332e-01,  1.1882343515481e-03,  7.6566943757001e-01,  9.6862241983625e-04
  4.4100000000000e+00,  1.6230957083370e-04,  8.5902131248942e-07,  7.9893170730808e-05,  6.0267989354567e-07,  8.2416400102890e-05,  6.1212299517892e-07,  3.1250263968625e-03,  3.7692827699938e-06,  4.6774671364220e-03,  4.6114472656540e-06,  7.4885689041509e-01,  1.1944858118114e-03,  7.4584447020393e-01,  9.7157773037463e-04,  3.9667777777778e-02,  2.0994120282111e-04,  1.9525555555556e-02,  1.4729243608684e-04,  2.0142222222222e-02,  1.4960029048628e-04,  7.6374333333334e-01,  9.2119688650348e-04,  1.1431533333333e+00,  1.1270183540521e-03,  7.4885689041509e-01,  1.1944858118114e-03,  7.4584447020393e-01,  9.7157773037463e-04
  4.4700000000000e+00,  1.3009440462809e-04,  7.5873887937976e-07,  6.5965416843802e-05,  5.4028285411032e-07,  6.4128987784288e-05,  5.3270923085381e-07,  2.8475890253340e-03,  3.5497820179731e-06,  4.2639581694182e-03,  4.3437967654405e-06,  7.2795475961805e-01,  1.1928750319181e-03,  7.2743290946590e-01,  9.7398014017200e-04,  3.2665555555555e-02,  1.9051262878979e-04,  1.6563333333333e-02,  1.3566025100855e-04,  1.6102222222222e-02,  1.3375858112544e-04,  7.1500444444444e-01,  8.9131890068372e-04,  1.0706422222222e+00,  1.0906889882711e-03,  7.2795475961805e-01,  1.1928750319181e-03,  7.2743290946590e-01,  9.7398014017200e-04
  4.5300000000000e+00,  1.0429175133627e-04,  6.7034352222818e-07,  5.0614137696640e-05,  4.6699083558332e-07,  5.3677613639630e-05,  4.8091579021121e-07,  2.5975906219108e-03,  3.3454750135146e-06,  3.8884945739498e-03,  4.0932020728526e-06,  7.0845637962459e-01,  1.1926201584188e-03,  7.0887056297084e-01,  9.7544596006581e-04,  2.6894444444445e-02,  1.7286617959966e-04,  1.3052222222222e-02,  1.2042619787987e-04,  1.3842222222222e-02,  1.2401712346922e-04,  6.6985888888889e-01,  8.6272107562120e-04,  1.0027533333333e+00,  1.0555426899801e-03,  7.0845637962459e-01,  1.1926201584188e-03,  7.0887056297084e-01,  9.7544596006581e-04
  4.5900000000000e+00,  8.2525456791503e-05,  5.8850750300630e-07,  4.1157808927699e-05,  4.1560824914370e-07,  4.1367647863804e-05,  4.1666637053932e-07,  2.3465490836702e-03,  3.1381439203334e-06,  3.5115119052461e-03,  3.8388850525069e-06,  6.8780907252410e-01,  1.1950133934514e-03,  6.8520823642713e-01,  9.7243442383766e-04,  2.1848888888889e-02,  1.5580931682629e-04,  1.0896666666667e-02,  1.1003366488220e-04,  1.0952222222222e-02,  1.1031380603745e-04,  6.2125666666666e-01,  8.3083402986708e-04,  9.2968444444444e-01,  1.0163575729286e-03,  6.8780907252410e-01,  1.1950133934514e-03,  6.8520823642713e-01,  9.7243442383766e-04
  4.6500000000000e+00,  6.4854315235088e-05,  5.1497635229025e-07,  3.2803361716007e-05,  3.6624948613907e-07,  3.2050953519081e-05,  3.6202480207996e-07,  2.1120997706227e-03,  2.9388340450351e-06,  3.1613575362867e-03,  3.5954616046678e-06,  6.6591459955650e-01,  1.1959293836747e-03,  6.6332674099846e-01,  9.7296525172437e-04,  1.7622222222222e-02,  1.3992943547939e-04,  8.9133333333334e-03,  9.9517353781659e-05,  8.7088888888889e-03,  9.8369422128407e-05,  5.7390000000000e-01,  7.9854033502803e-04,  8.5900444444445e-01,  9.7695925335505e-04,  6.6591459955650e-01,  1.1959293836747e-03,  6.6332674099846e-01,  9.7296525172437e-04
  4.7100000000000e+00,  5.2164280985906e-05,  4.5597032832186e-07,  2.5683574776373e-05,  3.1994675158633e-07,  2.6480706209532e-05,  3.2487384699187e-07,  1.9100584405347e-03,  2.7591372040190e-06,  2.8639776552814e-03,  3.3785844764405e-06,  6.4290074226312e-01,  1.1903542643734e-03,  6.4264218339026e-01,  9.7164108922742e-04,  1.4542222222222e-02,  1.2711421907622e-04,  7.1599999999999e-03,  8.9193921068397e-05,  7.3822222222222e-03,  9.0567483876954e-05,  5.3248111111111e-01,  7.6918507461620e-04,  7.9841222222222e-01,  9.4187296986271e-04,  6.4290074226312e-01,  1.1903542643734e-03,  6.4264218339026e-01,  9.7164108922742e-04
  4.7700000000000e+00,  4.1001407483651e-05,  3.9916454022318e-07,  2.2041511065043e-05,  2.9266666138802e-07,  1.8959896418608e-05,  2.7143794039075e-07,  1.7316109539110e-03,  2.5940463597231e-06,  2.5698995162241e-03,  3.1601714299482e-06,  6.2501928638956e-01,  1.1935760272001e-03,  6.1743885542281e-01,  9.6561141670346e-04,  1.1723333333333e-02,  1.1413117858818e-04,  6.3022222222223e-03,  8.3680757261168e-05,  5.4211111111111e-03,  7.7610932156002e-05,  4.9511111111111e-01,  7.4170307859017e-04,  7.3479888888889e-01,  9.0357247073854e-04,  6.2501928638956e-01,  1.1935760272001e-03,  6.1743885542281e-01,  9.6561141670346e-04
  4.8300000000000e+00,  3.0100773995104e-05,  3.3776350413760e-07,  1.4777501612555e-05,  2.3665974804553e-07,  1.5323272382549e-05,  2.4099034914772e-07,  1.5379441290961e-03,  2.4143163161894e-06,  2.3076779986773e-03,  2.9574097129041e-06,  5.9681634802202e-01,  1.1839184995900e-03,  5.9708280869391e-01,  9.6701802624540e-04,  8.8244444444445e-03,  9.9019888262940e-05,  4.3322222222223e-03,  6.9379970069997e-05,  4.4922222222223e-03,  7.0649543697687e-05,  4.5086888888889e-01,  7.0778911555545e-04,  6.7652666666667e-01,  8.6700420777313e-04,  5.9681634802202e-01,  1.1839184995900e-03,  5.9708280869391e-01,  9.6701802624540e-04
  4.8900000000000e+00,  2.6264326848128e-05,  3.1163438238515e-07,  1.2520204238739e-05,  2.1516317121664e-07,  1.3744122609389e-05,  2.2543468685313e-07,  1.3917098142257e-03,  2.2684884624050e-06,  2.0761833897830e-03,  2.7707356072752e-06,  5.8206623942198e-01,  1.1933631601943e-03,  5.7748237435784e-01,  9.6794429597263e-04,  7.8922222222222e-03,  9.3643663973966e-05,  3.7622222222222e-03,  6.4654829004338e-05,  4.1300000000000e-03,  6.7741338109671e-05,  4.1819777777777e-01,  6.8166281806393e-04,  6.2387666666666e-01,  8.3258410764095e-04,  5.8206623942198e-01,  1.1933631601943e-03,  5.7748237435784e-01,  9.6794429597263e-04
  4.9500000000000e+00,  2.1402269842132e-05,  2.7790468824221e-07,  1.0515294945199e-05,  1.9479449758256e-07,  1.0886974896934e-05,  1.9820726388948e-07,  1.2409924477809e-03,  2.1161698618999e-06,  1.8727184581743e-03,  2.5995740990738e-06,  5.5722192697059e-01,  1.1857273552843e-03,  5.6116599967777e-01,  9.7329748711792e-04,  6.5900000000000e-03,  8.5569984353290e-05,  3.2377777777778e-03,  5.9979420338959e-05,  3.3522222222222e-03,  6.1030249532709e-05,  3.8211555555556e-01,  6.5159254101484e-04,  5.7663111111111e-01,  8.0043815161942e-04,  5.5722192697059e-01,  1.1857273552843e-03,  5.6116599967777e-01,  9.7329748711792e-04
  5.0100000000000e+00,  1.7053050051169e-05,  2.4509504163811e-07,  9.0742939334459e-06,  1.7878863695553e-07,  7.9787561177232e-06,  1.6764904631752e-07,  1.1163178079251e-03,  1.9830214798481e-06,  1.6767047751302e-03,  2.4303106644851e-06,  5.3756431199524e-01,  1.1840952518193e-03,  5.4245939939598e-01,  9.7651585927676e-04,  5.3788888888888e-03,  7.7308105719106e-05,  2.8622222222222e-03,  5.6393677957553e-05,  2.5166666666666e-03,  5.2880017930181e-05,  3.5211000000000e-01,  6.2548647733850e-04,  5.2886777777777e-01,  7.6657084747434e-04,  5.3756431199524e-01,  1.1840952518193e-03,  5.4245939939598e-01,  9.7651585927676e-04
  5.0700000000000e+00,  1.2403731644211e-05,  2.0655680173014e-07,  6.2328235549944e-06,  1.4642179814953e-07,  6.1709080892163e-06,  1.4569272242513e-07,  1.0018747902439e-03,  1.8563935210401e-06,  1.4935936604611e-03,  2.2666243521865e-06,  5.2517377232445e-01,  1.2017642715449e-03,  5.2154256564984e-01,  9.7629013542293e-04,  4.0066666666667e-03,  6.6722199093345e-05,  2.0133333333333e-03,  4.7297325897318e-05,  1.9933333333333e-03,  4.7061819076772e-05,  3.2362666666667e-01,  5.9965422135193e-04,  4.8246222222223e-01,  7.3216742334146e-04,  5.2517377232445e-01,  1.2017642715449e-03,  5.2154256564984e-01,  9.7629013542293e-04
  5.1300000000000e+00,  1.0495882756420e-05,  1.8778610679892e-07,  5.4663256225019e-06,  1.3551947859554e-07,  5.0295571339184e-06,  1.2999266451569e-07,  8.9202236350676e-04,  1.7311784769818e-06,  1.3389272407829e-03,  2.1209599192527e-06,  5.0494961002208e-01,  1.2021955665433e-03,  5.0412324055462e-01,  9.7938605087988e-04,  3.4711111111111e-03,  6.2103060499920e-05,  1.8077777777778e-03,  4.4817875622441e-05,  1.6633333333333e-03,  4.2990093604784e-05,  2.9500222222222e-01,  5.7252095761952e-04,  4.4279888888889e-01,  7.0142623662941e-04,  5.0494961002208e-01,  1.2021955665433e-03,  5.0412324055462e-01,  9.7938605087988e-04
  5.1900000000000e+00,  7.2248380494891e-06,  1.5399906895838e-07,  3.2956553392490e-06,  1.0400996023367e-07,  3.9291827102401e-06,  1.1356778333770e-07,  7.9436126009187e-04,  1.6147788964982e-06,  1.1883758945455e-03,  1.9750630031540e-06,  4.8169726742890e-01,  1.1919250071264e-03,  4.8259024797949e-01,  9.7659890095764e-04,  2.4455555555556e-03,  5.2127573803289e-05,  1.1155555555556e-03,  3.5206621150567e-05,  1.3300000000000e-03,  3.8441875315570e-05,  2.6888555555556e-01,  5.4659100650767e-04,  4.0225666666667e-01,  6.6854457731094e-04,  4.8169726742890e-01,  1.1919250071264e-03,  4.8259024797949e-01,  9.7659890095764e-04
  5.2500000000000e+00,  5.6587808288729e-06,  1.3473287687793e-07,  2.9897866964340e-06,  9.7933719430408e-08,  2.6689941324389e-06,  9.2530723061741e-08,  7.0129104000089e-04,  1.4998964991914e-06,  1.0495659029534e-03,  1.8349194453442e-06,  4.6139072330528e-01,  1.1929301986029e-03,  4.6276366280015e-01,  9.7848375810965e-04,  1.9600000000000e-03,  4.6666666666667e-05,  1.0355555555556e-03,  3.3920750049942e-05,  9.2444444444445e-04,  3.2049344670791e-05,  2.4290222222222e-01,  5.1951069096285e-04,  3.6353222222222e-01,  6.3555069928215e-04,  4.6139072330528e-01,  1.1929301986029e-03,  4.6276366280015e-01,  9.7848375810965e-04
  5.3100000000000e+00,  3.5591789576230e-06,  1.0564571686107e-07,  1.9348135831308e-06,  7.7892661895037e-08,  1.6243653744923e-06,  7.1370517120132e-08,  6.2051698057752e-04,  1.3949345049976e-06,  9.3227597054137e-04,  1.7098154103551e-06,  4.4563327628142e-01,  1.2045000648791e-03,  4.4521401337602e-01,  9.8161151461690e-04,  1.2611111111111e-03,  3.7433067839829e-05,  6.8555555555555e-04,  2.7599427440831e-05,  5.7555555555555e-04,  2.5288459281647e-05,  2.1986555555555e-01,  4.9426213867582e-04,  3.3033000000000e-01,  6.0583276020147e-04,  4.4563327628142e-01,  1.2045000648791e-03,  4.4521401337602e-01,  9.8161151461690e-04
  5.3700000000000e+00,  2.8821885640458e-06,  9.4006625608033e-08,  1.5698729199909e-06,  6.9379236707919e-08,  1.3123156440549e-06,  6.3433170912667e-08,  5.5827072638153e-04,  1.3083372195346e-06,  8.2903087886731e-04,  1.5943461670328e-06,  4.3329113261338e-01,  1.2156872136474e-03,  4.2898416899102e-01,  9.8620429428630e-04,  1.0444444444445e-03,  3.4066021592791e-05,  5.6888888888889e-04,  2.5141574442189e-05,  4.7555555555556e-04,  2.2986845406197e-05,  2.0230555555556e-01,  4.7411385828436e-04,  3.0042333333334e-01,  5.7775747827588e-04,  4.3329113261338e-01,  1.2156872136474e-03,  4.2898416899102e-01,  9.8620429428630e-04
  5.4300000000000e+00,  2.0691531633461e-06,  7.8771314698936e-08,  1.3314550790227e-06,  6.3188061711984e-08,  7.3769808432339e-07,  4.7033911983603e-08,  4.9091108616291e-04,  1.2133139591874e-06,  7.3567091397786e-04,  1.4852979005539e-06,  4.1014180488049e-01,  1.2037485764659e-03,  4.0974540814367e-01,  9.8223277388739e-04,  7.6666666666666e-04,  2.9186501192364e-05,  4.9333333333333e-04,  2.3412563895228e-05,  2.7333333333333e-04,  1.7427096823731e-05,  1.8189333333333e-01,  4.4955945513769e-04,  2.7258222222222e-01,  5.5033547568957e-04,  4.1014180488049e-01,  1.2037485764659e-03,  4.0974540814367e-01,  9.8223277388739e-04
  5.4900000000000e+00,  1.8804277190509e-06,  7.4272429406931e-08,  9.0061046762655e-07,  5.1400554325916e-08,  9.7981725142432e-07,  5.3613214648966e-08,  4.3237516482912e-04,  1.1262367062585e-06,  6.4567903359653e-04,  1.3762826962085e-06,  3.9606801960616e-01,  1.2189671538031e-03,  3.9128154621801e-01,  9.8375701824365e-04,  7.1222222222223e-04,  2.8131086447049e-05,  3.4111111111111e-04,  1.9468239408817e-05,  3.7111111111111e-04,  2.0306296536108e-05,  1.6376444444445e-01,  4.2656827569237e-04,  2.4455444444445e-01,  5.2127455385222e-04,  3.9606801960616e-01,  1.2189671538031e-03,  3.9128154621801e-01,  9.8375701824365e-04
  5.5500000000000e+00,  1.1252356873044e-06,  5.6832984637577e-08,  4.4492737635762e-07,  3.5737426864832e-08,  6.8030831094682e-07,  4.4190773515473e-08,  3.7795575946859e-04,  1.0415957498291e-06,  5.6817225960869e-04,  1.2770818368373e-06,  3.7329821557165e-01,  1.2055814950683e-03,  3.7456759191274e-01,  9.8707908853546e-04,  4.3555555555555e-04,  2.1998877636915e-05,  1.7222222222222e-04,  1.3833221775543e-05,  2.6333333333333e-04,  1.7105338131489e-05,  1.4629888888889e-01,  4.0318025867799e-04,  2.1992777777778e-01,  4.9433207212446e-04,  3.7329821557165e-01,  1.2055814950683e-03,  3.7456759191274e-01,  9.8707908853546e-04
  5.6100000000000e+00,  9.4677692591973e-07,  5.1574225484101e-08,  4.7760260357969e-07,  3.6630447552797e-08,  4.6917432234004e-07,  3.6305799073519e-08,  3.2978740719885e-04,  9.6255580222034e-07,  4.9956670449019e-04,  1.1846924612748e-06,  3.5556753711338e-01,  1.2082993211210e-03,  3.5722924242120e-01,  9.8692862635061e-04,  3.7444444444445e-04,  2.0397288611873e-05,  1.8888888888889e-04,  1.4487116456006e-05,  1.8555555555556e-04,  1.4358719981467e-05,  1.3042888888889e-01,  3.8068489286327e-04,  1.9757555555556e-01,  4.6853857371804e-04,  3.5556753711338e-01,  1.2082993211210e-03,  3.5722924242120e-01,  9.8692862635061e-04
  5.6700000000000e+00,  6.8757086357382e-07,  4.3485799633244e-08,  3.0528146342678e-07,  2.8976034196655e-08,  3.8228940014705e-07,  3.2425363713872e-08,  2.9243488941176e-04,  8.9681594422036e-07,  4.4112621408479e-04,  1.1014636298368e-06,  3.4016462932808e-01,  1.2076535553253e-03,  3.4633065656707e-01,  1.0034000040526e-03,  2.7777777777778e-04,  1.7568209223158e-05,  1.2333333333333e-04,  1.1706281947614e-05,  1.5444444444444e-04,  1.3099806802835e-05,  1.1814333333333e-01,  3.6231253134603e-04,  1.7821444444444e-01,  4.4498994301300e-04,  3.4016462932808e-01,  1.2076535553253e-03,  3.4633065656707e-01,  1.0034000040526e-03
  5.7300000000000e+00,  5.6822046303386e-07,  3.9117909899826e-08,  2.9353568943455e-07,  2.8115619899093e-08,  2.7468477359931e-07,  2.7197845367246e-08,  2.6038231445631e-04,  8.3738070321369e-07,  3.8831270827822e-04,  1.0226052290602e-06,  3.3315875252826e-01,  1.2370966393016e-03,  3.3205296488198e-01,  1.0092401382118e-03,  2.3444444444445e-04,  1.6139821162593e-05,  1.2111111111111e-04,  1.1600340565456e-05,  1.1333333333333e-04,  1.1221672153736e-05,  1.0743222222222e-01,  3.4549838755408e-04,  1.6021555555556e-01,  4.2192094514330e-04,  3.3315875252826e-01,  1.2370966393016e-03,  3.3205296488198e-01,  1.0092401382118e-03
  5.7900000000000e+00,  4.5364388345679e-07,  3.4590021833646e-08,  2.5319658611542e-07,  2.5841768358227e-08,  2.0044729734137e-07,  2.2992881910971e-08,  2.2336422584926e-04,  7.6753840461288e-07,  3.3751368675629e-04,  9.4349369176218e-07,  3.1384894752446e-01,  1.2361748196760e-03,  3.1360953996059e-01,  1.0047777842300e-03,  1.9111111111111e-04,  1.4572085609560e-05,  1.0666666666667e-04,  1.0886621079036e-05,  8.4444444444445e-05,  9.6864420967571e-06,  9.4098888888889e-02,  3.2334860597760e-04,  1.4218777777778e-01,  3.9747505551052e-04,  3.1384894752446e-01,  1.2361748196760e-03,  3.1360953996059e-01,  1.0047777842300e-03
  5.8500000000000e+00,  2.2736036586536e-07,  2.4236696436684e-08,  8.7843777720707e-08,  1.5065083592674e-08,  1.3951658814465e-07,  1.8985802867135e-08,  1.9418383793267e-04,  7.0830871252896e-07,  2.9397178578287e-04,  8.7150296490450e-07,  2.9615225486140e-01,  1.2298511652269e-03,  3.0096599445585e-01,  1.0176855757794e-03,  9.7777777777777e-05,  1.0423146132941e-05,  3.7777777777777e-05,  6.4788354387169e-06,  6.0000000000000e-05,  8.1649658092772e-06,  8.3509999999999e-02,  3.0461268668407e-04,  1.2642444444444e-01,  3.7479541744566e-04,  2.9615225486140e-01,  1.2298511652269e-03,  3.0096599445585e-01,  1.0176855757794e-03
  5.9100000000000e+00,  1.7466988139134e-07,  2.1027782679687e-08,  1.2150948270702e-07,  1.7538383137498e-08,  5.3160398684322e-08,  1.1600550044997e-08,  1.7221944015675e-04,  6.6027606419492e-07,  2.5713431698851e-04,  8.0679739613250e-07,  2.8373266604108e-01,  1.2325087632150e-03,  2.8336615875602e-01,  1.0072278400915e-03,  7.6666666666667e-05,  9.2295820699090e-06,  5.3333333333334e-05,  7.6980035891951e-06,  2.3333333333333e-05,  5.0917507721732e-06,  7.5591111111112e-02,  2.8981049576713e-04,  1.1286222222222e-01,  3.5412211048705e-04,  2.8373266604108e-01,  1.2325087632150e-03,  2.8336615875602e-01,  1.0072278400915e-03
  5.9700000000000e+00,  5.7058867127456e-08,  1.1897596245842e-08,  4.4654765578009e-08,  1.0525229184169e-08,  1.2404101549447e-08,  5.5472828528748e-09,  1.5074952695074e-04,  6.1154107643364e-07,  2.2349710171794e-04,  7.4461812302903e-07,  2.7133735208752e-01,  1.2411082464902e-03,  2.7044714287859e-01,  1.0155993276956e-03,  2.5555555555555e-05,  5.3287016925696e-06,  2.0000000000000e-05,  4.7140452079103e-06,  5.5555555555555e-06,  2.4845199749997e-06,  6.7517777777777e-02,  2.7389734041501e-04,  1.0010000000000e-01,  3.3349995835415e-04,  2.7133735208752e-01,  1.2411082464902e-03,  2.7044714287859e-01,  1.0155993276956e-03
  6.0300000000000e+00,  2.8207682607132e-07,  2.6190175804612e-08,  1.1672144527089e-07,  1.6847289461838e-08,  1.6535538080043e-07,  2.0052285317776e-08,  1.2819419066231e-04,  5.5832732352680e-07,  1.9367978485283e-04,  6.8627291108958e-07,  2.5492879421649e-01,  1.2437954709145e-03,  2.5594981779386e-01,  1.0163739628133e-03,  1.2888888888889e-04,  1.1967032904743e-05,  5.3333333333334e-05,  7.6980035891951e-06,  7.5555555555556e-05,  9.1624569458171e-06,  5.8575555555556e-02,  2.5511556325964e-04,  8.8497777777778e-02,  3.1357752501978e-04,  2.5492879421649e-01,  1.2437954709145e-03,  2.5594981779386e-01,  1.0163739628133e-03
  6.0900000000000e+00,  1.0251277357987e-07,  1.5633051411760e-08,  7.6288575687346e-08,  1.3486042298896e-08,  2.6224197892525e-08,  7.9068931670486e-09,  1.1255187333673e-04,  5.1800163211017e-07,  1.6965625625670e-04,  6.3597450190315e-07,  2.4438991815881e-01,  1.2547000870164e-03,  2.4582286963761e-01,  1.0285378022824e-03,  4.7777777777777e-05,  7.2860428047799e-06,  3.5555555555555e-05,  6.2853936105470e-06,  1.2222222222222e-05,  3.6851386559504e-06,  5.2456666666666e-02,  2.4142324905689e-04,  7.9071111111110e-02,  2.9640646100154e-04,  2.4438991815881e-01,  1.2547000870164e-03,  2.4582286963761e-01,  1.0285378022824e-03
  6.1500000000000e+00,  6.7794107576280e-08,  1.2589049732789e-08,  3.9741373406785e-08,  9.6386988390168e-09,  2.8052734169495e-08,  8.0981268121315e-09,  9.8362236909639e-05,  4.7952491109630e-07,  1.4638851780781e-04,  5.8499274749985e-07,  2.3413146663254e-01,  1.2680117420633e-03,  2.3234845589572e-01,  1.0307421160467e-03,  3.2222222222222e-05,  5.9835164523717e-06,  1.8888888888889e-05,  4.5812284729085e-06,  1.3333333333333e-05,  3.8490017945975e-06,  4.6751111111111e-02,  2.2791594725325e-04,  6.9577777777778e-02,  2.7804431656718e-04,  2.3413146663254e-01,  1.2680117420633e-03,  2.3234845589572e-01,  1.0307421160467e-03
  6.2100000000000e+00,  4.1269912948703e-08,  9.7274117683354e-09,  3.6684367065513e-08,  9.1710917663783e-09,  4.5855458831892e-09,  3.2424705894451e-09,  8.4341945429498e-05,  4.3974643866915e-07,  1.2695542332198e-04,  5.3951826603120e-07,  2.2073410019622e-01,  1.2715653515043e-03,  2.2390890305988e-01,  1.0526907436998e-03,  2.0000000000000e-05,  4.7140452079103e-06,  1.7777777777778e-05,  4.4444444444444e-06,  2.2222222222222e-06,  1.5713484026368e-06,  4.0873333333333e-02,  2.1310751937652e-04,  6.1524444444444e-02,  2.6145839788991e-04,  2.2073410019622e-01,  1.2715653515043e-03,  2.2390890305988e-01,  1.0526907436998e-03
  6.2700000000000e+00,  2.2491024090848e-09,  2.2491024090848e-09,  0.0000000000000e+00,  0.0000000000000e+00,  2.2491024090848e-09,  2.2491024090848e-09,  7.1888060301576e-05,  4.0209900473479e-07,  1.0759705925062e-04,  4.9193170783250e-07,  2.0750209365282e-01,  1.2753889849508e-03,  2.0691325559669e-01,  1.0392756622732e-03,  1.1111111111111e-06,  1.1111111111111e-06,  0.0000000000000e+00,  0.0000000000000e+00,  1.1111111111111e-06,  1.1111111111111e-06,  3.5514444444445e-02,  1.9864665571603e-04,  5.3155555555556e-02,  2.4302618870209e-04,  2.0750209365282e-01,  1.2753889849508e-03,  2.0691325559669e-01,  1.0392756622732e-03
  6.3300000000000e+00,  4.4133355709039e-08,  9.8685183440589e-09,  8.8266711418078e-09,  4.4133355709039e-09,  3.5306684567231e-08,  8.8266711418078e-09,  6.2658331767908e-05,  3.7184152834561e-07,  9.3267020619912e-05,  4.5366213181953e-07,  1.9600196036474e-01,  1.2720536379132e-03,  1.9579013683908e-01,  1.0414123389961e-03,  2.2222222222222e-05,  4.9690399499996e-06,  4.4444444444445e-06,  2.2222222222222e-06,  1.7777777777778e-05,  4.4444444444445e-06,  3.1550000000000e-02,  1.8723128893312e-04,  4.6962222222223e-02,  2.2842996063034e-04,  1.9600196036474e-01,  1.2720536379132e-03,  1.9579013683908e-01,  1.0414123389961e-03
  6.3900000000000e+00,  0.0000000000000e+00,  0.0000000000000e+00,  0.0000000000000e+00,  0.0000000000000e+00,  0.0000000000000e+00,  0.0000000000000e+00,  5.2518000885023e-05,  3.3722941782126e-07,  7.9702719604793e-05,  4.1543963688552e-07,  1.8243980231237e-01,  1.2738737242777e-03,  1.8560147646133e-01,  1.0533812454746e-03,  0.0000000000000e+00,  0.0000000000000e+00,  0.0000000000000e+00,  0.0000000000000e+00,  0.0000000000000e+00,  0.0000000000000e+00,  2.6947777777778e-02,  1.7303749682841e-04,  4.0896666666666e-02,  2.1316833897354e-04,  1.8243980231237e-01,  1.2738737242777e-03,  1.8560147646133e-01,  1.0533812454746e-03
  6.4500000000000e+00,  3.1879854058680e-08,  8.2313429232528e-09,  3.1879854058680e-08,  8.2313429232528e-09,  0.0000000000000e+00,  0.0000000000000e+00,  4.5792222369888e-05,  3.1196681086024e-07,  6.8868986061165e-05,  3.8258186268207e-07,  1.7486507324595e-01,  1.2912601340303e-03,  1.7558480403578e-01,  1.0575833314632e-03,  1.6666666666667e-05,  4.3033148291194e-06,  1.6666666666667e-05,  4.3033148291194e-06,  0.0000000000000e+00,  0.0000000000000e+00,  2.3940000000000e-02,  1.6309506430300e-04,  3.6004444444445e-02,  2.0001234529800e-04,  1.7486507324595e-01,  1.2912601340303e-03,  1.7558480403578e-01,  1.0575833314632e-03
  6.5100000000000e+00,  1.2517967668379e-08,  5.1104389006978e-09,  1.2517967668379e-08,  5.1104389006978e-09,  0.0000000000000e+00,  0.0000000000000e+00,  3.8989296631112e-05,  2.8520950037972e-07,  5.8796894138377e-05,  3.5024220662881e-07,  1.6449401015765e-01,  1.2984861002879e-03,  1.6604605123612e-01,  1.0680719214408e-03,  6.6666666666666e-06,  2.7216552697591e-06,  6.6666666666666e-06,  2.7216552697591e-06,  0.0000000000000e+00,  0.0000000000000e+00,  2.0764444444444e-02,  1.5189339991675e-04,  3.1313333333333e-02,  1.8652772606932e-04,  1.6449401015765e-01,  1.2984861002879e-03,  1.6604605123612e-01,  1.0680719214408e-03
  6.5700000000000e+00,  0.0000000000000e+00,  0.0000000000000e+00,  0.0000000000000e+00,  0.0000000000000e+00,  0.0000000000000e+00,  0.0000000000000e+00,  3.3356076619700e-05,  2.6139327850739e-07,  4.9224998602801e-05,  3.1754098730247e-07,  1.5443414925600e-01,  1.3003114168374e-03,  1.5194011165837e-01,  1.0519654346302e-03,  0.0000000000000e+00,  0.0000000000000e+00,  0.0000000000000e+00,  0.0000000000000e+00,  0.0000000000000e+00,  0.0000000000000e+00,  1.8093333333333e-02,  1.4178753014177e-04,  2.6701111111111e-02,  1.7224372625605e-04,  1.5443414925600e-01,  1.3003114168374e-03,  1.5194011165837e-01,  1.0519654346302e-03
  6.6300000000000e+00,  0.0000000000000e+00,  0.0000000000000e+00,  0.0000000000000e+00,  0.0000000000000e+00,  0.0000000000000e+00,  0.0000000000000e+00,  2.8868886392204e-05,  2.4097601520827e-07,  4.3389823604113e-05,  2.9542874199599e-07,  1.4905129350185e-01,  1.3336726480492e-03,  1.4849310919279e-01,  1.0835160733875e-03,  0.0000000000000e+00,  0.0000000000000e+00,  0.0000000000000e+00,  0.0000000000000e+00,  0.0000000000000e+00,  0.0000000000000e+00,  1.5946666666667e-02,  1.3311092561664e-04,  2.3967777777778e-02,  1.6318965714018e-04,  1.4905129350185e-01,  1.3336726480492e-03,  1.4849310919279e-01,  1.0835160733875e-03
  6.6900000000000e+00,  0.0000000000000e+00,  0.0000000000000e+00,  0.0000000000000e+00,  0.0000000000000e+00,  0.0000000000000e+00,  0.0000000000000e+00,  2.4465462112061e-05,  2.1984821893727e-07,  3.7474592280659e-05,  2.7209132667595e-07,  1.3805558342530e-01,  1.3234429990142e-03,  1.4112894225833e-01,  1.0946145799584e-03,  0.0000000000000e+00,  0.0000000000000e+00,  0.0000000000000e+00,  0.0000000000000e+00,  0.0000000000000e+00,  0.0000000000000e+00,  1.3760000000000e-02,  1.2364824660661e-04,  2.1076666666667e-02,  1.5303110310822e-04,  1.3805558342530e-01,  1.3234429990142e-03,  1.4112894225833e-01,  1.0946145799584e-03
  6.7500000000000e+00,  0.0000000000000e+00,  0.0000000000000e+00,  0.0000000000000e+00,  0.0000000000000e+00,  0.0000000000000e+00,  0.0000000000000e+00,  2.0834338893359e-05,  2.0107518305413e-07,  3.1835630546344e-05,  2.4855662238440e-07,  1.3037037037037e-01,  1.3377286563406e-03,  1.3337723684318e-01,  1.1086152324464e-03,  0.0000000000000e+00,  0.0000000000000e+00,  0.0000000000000e+00,  0.0000000000000e+00,  0.0000000000000e+00,  0.0000000000000e+00,  1.1928888888889e-02,  1.1512741197323e-04,  1.8227777777778e-02,  1.4231333886798e-04,  1.3037037037037e-01,  1.3377286563406e-03,  1.3337723684318e-01,  1.1086152324464e-03
  6.8100000000000e+00,  0.0000000000000e+00,  0.0000000000000e+00,  0.0000000000000e+00,  0.0000000000000e+00,  0.0000000000000e+00,  0.0000000000000e+00,  1.8358271149309e-05,  1.8708595565226e-07,  2.6264777583641e-05,  2.2377530636972e-07,  1.2601258948085e-01,  1.3626834014124e-03,  1.2112472963230e-01,  1.0926931480183e-03,  0.0000000000000e+00,  0.0000000000000e+00,  0.0000000000000e+00,  0.0000000000000e+00,  0.0000000000000e+00,  0.0000000000000e+00,  1.0698888888889e-02,  1.0903052013536e-04,  1.5306666666667e-02,  1.3041245112108e-04,  1.2601258948085e-01,  1.3626834014124e-03,  1.2112472963230e-01,  1.0926931480183e-03
  6.8700000000000e+00,  0.0000000000000e+00,  0.0000000000000e+00,  0.0000000000000e+00,  0.0000000000000e+00,  0.0000000000000e+00,  0.0000000000000e+00,  1.4777409007183e-05,  1.6638525738462e-07,  2.2503326190959e-05,  2.0532368670403e-07,  1.1498877518295e-01,  1.3671219138016e-03,  1.1486932323493e-01,  1.1066451458945e-03,  0.0000000000000e+00,  0.0000000000000e+00,  0.0000000000000e+00,  0.0000000000000e+00,  0.0000000000000e+00,  0.0000000000000e+00,  8.7644444444445e-03,  9.8682681382999e-05,  1.3346666666667e-02,  1.2177696674507e-04,  1.1498877518295e-01,  1.3671219138016e-03,  1.1486932323493e-01,  1.1066451458945e-03
  6.9300000000000e+00,  0.0000000000000e+00,  0.0000000000000e+00,  0.0000000000000e+00,  0.0000000000000e+00,  0.0000000000000e+00,  0.0000000000000e+00,  1.2394315633536e-05,  1.5106035397888e-07,  1.9210084569268e-05,  1.8806321688207e-07,  1.0759321708833e-01,  1.3800759364036e-03,  1.1018067772627e-01,  1.1365194052313e-03,  0.0000000000000e+00,  0.0000000000000e+00,  0.0000000000000e+00,  0.0000000000000e+00,  0.0000000000000e+00,  0.0000000000000e+00,  7.4799999999999e-03,  9.1165295541182e-05,  1.1593333333333e-02,  1.1349661440537e-04,  1.0759321708833e-01,  1.3800759364036e-03,  1.1018067772627e-01,  1.1365194052313e-03
  6.9900000000000e+00,  0.0000000000000e+00,  0.0000000000000e+00,  0.0000000000000e+00,  0.0000000000000e+00,  0.0000000000000e+00,  0.0000000000000e+00,  1.0702172054869e-05,  1.3916539883659e-07,  1.5072436767839e-05,  1.6515321770655e-07,  1.0379809042404e-01,  1.4180564610215e-03,  9.4939017439872e-02,  1.0885371806121e-03,  0.0000000000000e+00,  0.0000000000000e+00,  0.0000000000000e+00,  0.0000000000000e+00,  0.0000000000000e+00,  0.0000000000000e+00,  6.5711111111112e-03,  8.5447261909913e-05,  9.2544444444445e-03,  1.0140372798563e-04,  1.0379809042404e-01,  1.4180564610215e-03,  9.4939017439872e-02,  1.0885371806121e-03
  7.0500000000000e+00,  0.0000000000000e+00,  0.0000000000000e+00,  0.0000000000000e+00,  0.0000000000000e+00,  0.0000000000000e+00,  0.0000000000000e+00,  8.9321702562744e-06,  1.2605552394845e-07,  1.3432945151390e-05,  1.5458558945877e-07,  9.6044225104250e-02,  1.4190254526955e-03,  9.5663410740755e-02,  1.1523441600810e-03,  0.0000000000000e+00,  0.0000000000000e+00,  0.0000000000000e+00,  0.0000000000000e+00,  0.0000000000000e+00,  0.0000000000000e+00,  5.5788888888888e-03,  7.8732238835808e-05,  8.3899999999999e-03,  9.6551655719734e-05,  9.6044225104250e-02,  1.4190254526955e-03,  9.5663410740755e-02,  1.1523441600810e-03
  7.1100000000000e+00,  0.0000000000000e+00,  0.0000000000000e+00,  0.0000000000000e+00,  0.0000000000000e+00,  0.0000000000000e+00,  0.0000000000000e+00,  7.9599929535296e-06,  1.1799382110701e-07,  1.1891890154043e-05,  1.4422095544062e-07,  9.2864284694023e-02,  1.4390583928414e-03,  9.2358894247096e-02,  1.1706818326019e-03,  0.0000000000000e+00,  0.0000000000000e+00,  0.0000000000000e+00,  0.0000000000000e+00,  0.0000000000000e+00,  0.0000000000000e+00,  5.0566666666667e-03,  7.4956777668991e-05,  7.5544444444445e-03,  9.1617832109770e-05,  9.2864284694023e-02,  1.4390583928414e-03,  9.2358894247096e-02,  1.1706818326019e-03
  7.1700000000000e+00,  0.0000000000000e+00,  0.0000000000000e+00,  0.0000000000000e+00,  0.0000000000000e+00,  0.0000000000000e+00,  0.0000000000000e+00,  6.2570478410730e-06,  1.0373806148216e-07,  9.5489636101257e-06,  1.2815380626306e-07,  8.2090394205384e-02,  1.4157701932570e-03,  8.1565493330199e-02,  1.1384347661415e-03,  0.0000000000000e+00,  0.0000000000000e+00,  0.0000000000000e+00,  0.0000000000000e+00,  0.0000000000000e+00,  0.0000000000000e+00,  4.0422222222222e-03,  6.7017594888890e-05,  6.1688888888889e-03,  8.2790826711988e-05,  8.2090394205384e-02,  1.4157701932570e-03,  8.1565493330199e-02,  1.1384347661415e-03
  7.2300000000000e+00,  0.0000000000000e+00,  0.0000000000000e+00,  0.0000000000000e+00,  0.0000000000000e+00,  0.0000000000000e+00,  0.0000000000000e+00,  5.5683736031562e-06,  9.7050650966783e-08,  8.3271881070286e-06,  1.1868161770141e-07,  8.0585542581577e-02,  1.4600132510260e-03,  7.9549494231329e-02,  1.1779959139418e-03,  0.0000000000000e+00,  0.0000000000000e+00,  0.0000000000000e+00,  0.0000000000000e+00,  0.0000000000000e+00,  0.0000000000000e+00,  3.6577777777777e-03,  6.3751059056804e-05,  5.4700000000000e-03,  7.7960103756843e-05,  8.0585542581577e-02,  1.4600132510260e-03,  7.9549494231329e-02,  1.1779959139418e-03
  7.2900000000000e+00,  0.0000000000000e+00,  0.0000000000000e+00,  0.0000000000000e+00,  0.0000000000000e+00,  0.0000000000000e+00,  0.0000000000000e+00,  4.3407442377827e-06,  8.4982041116464e-08,  6.6250837695864e-06,  1.0498826194708e-07,  7.1060874302056e-02,  1.4397947460531e-03,  7.0801180612354e-02,  1.1610322744561e-03,  0.0000000000000e+00,  0.0000000000000e+00,  0.0000000000000e+00,  0.0000000000000e+00,  0.0000000000000e+00,  0.0000000000000e+00,  2.8988888888889e-03,  5.6753745729432e-05,  4.4244444444445e-03,  7.0114544730149e-05,  7.1060874302056e-02,  1.4397947460531e-03,  7.0801180612354e-02,  1.1610322744561e-03
  7.3500000000000e+00,  0.0000000000000e+00,  0.0000000000000e+00,  0.0000000000000e+00,  0.0000000000000e+00,  0.0000000000000e+00,  0.0000000000000e+00,  3.5385572487159e-06,  7.6102404967462e-08,  5.5500682841793e-06,  9.5309113822050e-08,  6.4775144560626e-02,  1.4375054451059e-03,  6.6481071225518e-02,  1.1789915423985e-03,  0.0000000000000e+00,  0.0000000000000e+00,  0.0000000000000e+00,  0.0000000000000e+00,  0.0000000000000e+00,  0.0000000000000e+00,  2.4022222222222e-03,  5.1663679722500e-05,  3.7677777777777e-03,  6.4702548273514e-05,  6.4775144560626e-02,  1.4375054451059e-03,  6.6481071225518e-02,  1.1789915423985e-03
  7.4100000000000e+00,  0.0000000000000e+00,  0.0000000000000e+00,  0.0000000000000e+00,  0.0000000000000e+00,  0.0000000000000e+00,  0.0000000000000e+00,  3.4605509934574e-06,  7.4649524460927e-08,  4.9339824308765e-06,  8.9136015825798e-08,  6.9033087054288e-02,  1.5396948621830e-03,  6.6721832672793e-02,  1.2449421703576e-03,  0.0000000000000e+00,  0.0000000000000e+00,  0.0000000000000e+00,  0.0000000000000e+00,  0.0000000000000e+00,  0.0000000000000e+00,  2.3877777777778e-03,  5.1508119939997e-05,  3.4044444444445e-03,  6.1503788902658e-05,  6.9033087054288e-02,  1.5396948621830e-03,  6.6721832672793e-02,  1.2449421703576e-03
  7.4700000000000e+00,  0.0000000000000e+00,  0.0000000000000e+00,  0.0000000000000e+00,  0.0000000000000e+00,  0.0000000000000e+00,  0.0000000000000e+00,  2.7206606995387e-06,  6.5658239778377e-08,  3.8124109744265e-06,  7.7723419514009e-08,  6.2591134441528e-02,  1.5570794375215e-03,  5.6702488687783e-02,  1.1883125237932e-03,  0.0000000000000e+00,  0.0000000000000e+00,  0.0000000000000e+00,  0.0000000000000e+00,  0.0000000000000e+00,  0.0000000000000e+00,  1.9077777777778e-03,  4.6040776344668e-05,  2.6733333333333e-03,  5.4501104304136e-05,  6.2591134441528e-02,  1.5570794375215e-03,  5.6702488687783e-02,  1.1883125237932e-03
  7.5300000000000e+00,  0.0000000000000e+00,  0.0000000000000e+00,  0.0000000000000e+00,  0.0000000000000e+00,  0.0000000000000e+00,  0.0000000000000e+00,  2.4872306664054e-06,  6.2278152415438e-08,  3.1842790099059e-06,  7.0466588289036e-08,  6.4216120460585e-02,  1.6587412218067e-03,  5.2919376992251e-02,  1.2016677694290e-03,  0.0000000000000e+00,  0.0000000000000e+00,  0.0000000000000e+00,  0.0000000000000e+00,  0.0000000000000e+00,  0.0000000000000e+00,  1.7722222222222e-03,  4.4374945661591e-05,  2.2688888888889e-03,  5.0209437900867e-05,  6.4216120460585e-02,  1.6587412218067e-03,  5.2919376992251e-02,  1.2016677694290e-03
  7.5900000000000e+00,  0.0000000000000e+00,  0.0000000000000e+00,  0.0000000000000e+00,  0.0000000000000e+00,  0.0000000000000e+00,  0.0000000000000e+00,  1.9661241734492e-06,  5.4933387135574e-08,  2.6214988979323e-06,  6.3431611700443e-08,  5.8891136447223e-02,  1.6931718006642e-03,  4.9583418004471e-02,  1.2291390274209e-03,  0.0000000000000e+00,  0.0000000000000e+00,  0.0000000000000e+00,  0.0000000000000e+00,  0.0000000000000e+00,  0.0000000000000e+00,  1.4233333333333e-03,  3.9767844818163e-05,  1.8977777777778e-03,  4.5919951821715e-05,  5.8891136447223e-02,  1.6931718006642e-03,  4.9583418004471e-02,  1.2291390274209e-03
  7.6500000000000e+00,  0.0000000000000e+00,  0.0000000000000e+00,  0.0000000000000e+00,  0.0000000000000e+00,  0.0000000000000e+00,  0.0000000000000e+00,  1.5546688777855e-06,  4.8465223217988e-08,  2.4626921970753e-06,  6.0998103448015e-08,  4.8666288308740e-02,  1.5535999217678e-03,  5.2913488070118e-02,  1.3448347842678e-03,  0.0000000000000e+00,  0.0000000000000e+00,  0.0000000000000e+00,  0.0000000000000e+00,  0.0000000000000e+00,  0.0000000000000e+00,  1.1433333333333e-03,  3.5642255405212e-05,  1.8111111111111e-03,  4.4859176084859e-05,  4.8666288308740e-02,  1.5535999217678e-03,  5.2913488070118e-02,  1.3448347842678e-03
  7.7100000000000e+00,  0.0000000000000e+00,  0.0000000000000e+00,  0.0000000000000e+00,  0.0000000000000e+00,  0.0000000000000e+00,  0.0000000000000e+00,  1.2494416089021e-06,  4.3109831135631e-08,  1.7521931134365e-06,  5.1051596014872e-08,  4.3267744926342e-02,  1.5248337922615e-03,  4.1489099425915e-02,  1.2336408082679e-03,  0.0000000000000e+00,  0.0000000000000e+00,  0.0000000000000e+00,  0.0000000000000e+00,  0.0000000000000e+00,  0.0000000000000e+00,  9.3333333333334e-04,  3.2203059435977e-05,  1.3088888888889e-03,  3.8135560670512e-05,  4.3267744926342e-02,  1.5248337922615e-03,  4.1489099425915e-02,  1.2336408082679e-03
  7.7700000000000e+00,  0.0000000000000e+00,  0.0000000000000e+00,  0.0000000000000e+00,  0.0000000000000e+00,  0.0000000000000e+00,  0.0000000000000e+00,  1.1423469686299e-06,  4.0902582777487e-08,  1.7794250857504e-06,  5.1049509058779e-08,  4.5579384093964e-02,  1.6687821925627e-03,  4.7557538750587e-02,  1.3964332296736e-03,  0.0000000000000e+00,  0.0000000000000e+00,  0.0000000000000e+00,  0.0000000000000e+00,  0.0000000000000e+00,  0.0000000000000e+00,  8.6666666666666e-04,  3.1031644541708e-05,  1.3500000000000e-03,  3.8729833462074e-05,  4.5579384093964e-02,  1.6687821925627e-03,  4.7557538750587e-02,  1.3964332296736e-03
  7.8300000000000e+00,  0.0000000000000e+00,  0.0000000000000e+00,  0.0000000000000e+00,  0.0000000000000e+00,  0.0000000000000e+00,  0.0000000000000e+00,  8.0762546541377e-07,  3.4128404916077e-08,  1.2287444580938e-06,  4.2096091497451e-08,  3.7286104267927e-02,  1.6047311251776e-03,  3.7283388762472e-02,  1.3009011378087e-03,  0.0000000000000e+00,  0.0000000000000e+00,  0.0000000000000e+00,  0.0000000000000e+00,  0.0000000000000e+00,  0.0000000000000e+00,  6.2222222222223e-04,  2.6293687924887e-05,  9.4666666666667e-04,  3.2432265598503e-05,  3.7286104267927e-02,  1.6047311251776e-03,  3.7283388762472e-02,  1.3009011378087e-03
  7.8900000000000e+00,  0.0000000000000e+00,  0.0000000000000e+00,  0.0000000000000e+00,  0.0000000000000e+00,  0.0000000000000e+00,  0.0000000000000e+00,  8.0959232595744e-07,  3.3910090985024e-08,  1.1064428454752e-06,  3.9642428909405e-08,  4.0936512496409e-02,  1.7493855479697e-03,  3.6308552784899e-02,  1.3242950361688e-03,  0.0000000000000e+00,  0.0000000000000e+00,  0.0000000000000e+00,  0.0000000000000e+00,  0.0000000000000e+00,  0.0000000000000e+00,  6.3333333333333e-04,  2.6527414191807e-05,  8.6555555555555e-04,  3.1011746082117e-05,  4.0936512496409e-02,  1.7493855479697e-03,  3.6308552784899e-02,  1.3242950361688e-03
  7.9500000000000e+00,  0.0000000000000e+00,  0.0000000000000e+00,  0.0000000000000e+00,  0.0000000000000e+00,  0.0000000000000e+00,  0.0000000000000e+00,  5.3441011633367e-07,  2.7342800216223e-08,  7.6664069044725e-07,  3.2749267230044e-08,  3.0923662268275e-02,  1.6064695348047e-03,  2.9834494773519e-02,  1.2933382618377e-03,  0.0000000000000e+00,  0.0000000000000e+00,  0.0000000000000e+00,  0.0000000000000e+00,  0.0000000000000e+00,  0.0000000000000e+00,  4.2444444444445e-04,  2.1716466984102e-05,  6.0888888888889e-04,  2.6010444246044e-05,  3.0923662268275e-02,  1.6064695348047e-03,  2.9834494773519e-02,  1.2933382618377e-03
  8.0100000000000e+00,  0.0000000000000e+00,  0.0000000000000e+00,  0.0000000000000e+00,  0.0000000000000e+00,  0.0000000000000e+00,  0.0000000000000e+00,  4.9335960799374e-07,  2.6074865506316e-08,  6.2290095757869e-07,  2.9298796486520e-08,  3.2084602975444e-02,  1.7227125033505e-03,  2.6748727660078e-02,  1.2748702841543e-03,  0.0000000000000e+00,  0.0000000000000e+00,  0.0000000000000e+00,  0.0000000000000e+00,  0.0000000000000e+00,  0.0000000000000e+00,  3.9777777777778e-04,  2.1023208809361e-05,  5.0222222222223e-04,  2.3622546250522e-05,  3.2084602975444e-02,  1.7227125033505e-03,  2.6748727660078e-02,  1.2748702841543e-03
  8.0700000000000e+00,  0.0000000000000e+00,  0.0000000000000e+00,  0.0000000000000e+00,  0.0000000000000e+00,  0.0000000000000e+00,  0.0000000000000e+00,  3.2991710301705e-07,  2.1164192026350e-08,  6.1231528173122e-07,  2.8832800528998e-08,  2.4287856071964e-02,  1.5768742296980e-03,  2.9177718832891e-02,  1.3938250058974e-03,  0.0000000000000e+00,  0.0000000000000e+00,  0.0000000000000e+00,  0.0000000000000e+00,  0.0000000000000e+00,  0.0000000000000e+00,  2.7000000000000e-04,  1.7320508075689e-05,  5.0111111111111e-04,  2.3596400646217e-05,  2.4287856071964e-02,  1.5768742296979e-03,  2.9177718832891e-02,  1.3938250058974e-03
  8.1300000000000e+00,  0.0000000000000e+00,  0.0000000000000e+00,  0.0000000000000e+00,  0.0000000000000e+00,  0.0000000000000e+00,  0.0000000000000e+00,  3.0366198132666e-07,  2.0154753585314e-08,  4.6552585683558e-07,  2.4954805320226e-08,  2.3882167280379e-02,  1.6039314270115e-03,  2.5629695095007e-02,  1.3913907469715e-03,  0.0000000000000e+00,  0.0000000000000e+00,  0.0000000000000e+00,  0.0000000000000e+00,  0.0000000000000e+00,  0.0000000000000e+00,  2.5222222222222e-04,  1.6740576859244e-05,  3.8666666666666e-04,  2.0727509006864e-05,  2.3882167280379e-02,  1.6039314270115e-03,  2.5629695095007e-02,  1.3913907469715e-03
  8.1900000000000e+00,  0.0000000000000e+00,  0.0000000000000e+00,  0.0000000000000e+00,  0.0000000000000e+00,  0.0000000000000e+00,  0.0000000000000e+00,  3.0186541820674e-07,  1.9947828318517e-08,  4.8113920369197e-07,  2.5183976930838e-08,  2.8422489760457e-02,  1.9047156939351e-03,  2.9922938186588e-02,  1.5894986689887e-03,  0.0000000000000e+00,  0.0000000000000e+00,  0.0000000000000e+00,  0.0000000000000e+00,  0.0000000000000e+00,  0.0000000000000e+00,  2.5444444444445e-04,  1.6814162167135e-05,  4.0555555555556e-04,  2.1227747971715e-05,  2.8422489760457e-02,  1.9047156939351e-03,  2.9922938186588e-02,  1.5894986689887e-03
  8.2500000000000e+00,  0.0000000000000e+00,  0.0000000000000e+00,  0.0000000000000e+00,  0.0000000000000e+00,  0.0000000000000e+00,  0.0000000000000e+00,  2.7020983368884e-07,  1.8735680971148e-08,  3.8582846444993e-07,  2.2388038230810e-08,  2.7593526134253e-02,  1.9394840578248e-03,  2.7474560592044e-02,  1.6159877700262e-03,  0.0000000000000e+00,  0.0000000000000e+00,  0.0000000000000e+00,  0.0000000000000e+00,  0.0000000000000e+00,  0.0000000000000e+00,  2.3111111111111e-04,  1.6024672335395e-05,  3.3000000000000e-04,  1.9148542155127e-05,  2.7593526134253e-02,  1.9394840578248e-03,  2.7474560592044e-02,  1.6159877700262e-03
  8.3100000000000e+00,  0.0000000000000e+00,  0.0000000000000e+00,  0.0000000000000e+00,  0.0000000000000e+00,  0.0000000000000e+00,  0.0000000000000e+00,  1.5748848445540e-07,  1.4200258424323e-08,  2.5095725978259e-07,  1.7925518555899e-08,  1.8885306310456e-02,  1.7188347572121e-03,  2.0135607150195e-02,  1.4526655825021e-03,  0.0000000000000e+00,  0.0000000000000e+00,  0.0000000000000e+00,  0.0000000000000e+00,  0.0000000000000e+00,  0.0000000000000e+00,  1.3666666666667e-04,  1.2322818340455e-05,  2.1777777777778e-04,  1.5555555555555e-05,  1.8885306310456e-02,  1.7188347572121e-03,  2.0135607150195e-02,  1.4526655825021e-03
  8.3700000000000e+00,  0.0000000000000e+00,  0.0000000000000e+00,  0.0000000000000e+00,  0.0000000000000e+00,  0.0000000000000e+00,  0.0000000000000e+00,  2.2591646392320e-07,  1.6885789316663e-08,  1.9688809146380e-07,  1.5763663296152e-08,  3.0824866540382e-02,  2.3391988011075e-03,  1.7619155184098e-02,  1.4230344638583e-03,  0.0000000000000e+00,  0.0000000000000e+00,  0.0000000000000e+00,  0.0000000000000e+00,  0.0000000000000e+00,  0.0000000000000e+00,  1.9888888888889e-04,  1.4865653511399e-05,  1.7333333333333e-04,  1.3877773329774e-05,  3.0824866540382e-02,  2.3391988011075e-03,  1.7619155184098e-02,  1.4230344638583e-03
  8.4300000000000e+00,  0.0000000000000e+00,  0.0000000000000e+00,  0.0000000000000e+00,  0.0000000000000e+00,  0.0000000000000e+00,  0.0000000000000e+00,  9.7047699867853e-08,  1.0988488177693e-08,  1.7543238053035e-07,  1.4774071628091e-08,  1.4744801512287e-02,  1.6817833434638e-03,  1.7550410754294e-02,  1.4909246525676e-03,  0.0000000000000e+00,  0.0000000000000e+00,  0.0000000000000e+00,  0.0000000000000e+00,  0.0000000000000e+00,  0.0000000000000e+00,  8.6666666666669e-05,  9.8130676292534e-06,  1.5666666666667e-04,  1.3193713430042e-05,  1.4744801512287e-02,  1.6817833434638e-03,  1.7550410754294e-02,  1.4909246525676e-03
  8.4900000000000e+00,  0.0000000000000e+00,  0.0000000000000e+00,  0.0000000000000e+00,  0.0000000000000e+00,  0.0000000000000e+00,  0.0000000000000e+00,  6.9920623792922e-08,  9.2612128639897e-09,  1.3984124758584e-07,  1.3097332836278e-08,  1.2557832121613e-02,  1.6737367952957e-03,  1.6250890947969e-02,  1.5343527638952e-03,  0.0000000000000e+00,  0.0000000000000e+00,  0.0000000000000e+00,  0.0000000000000e+00,  0.0000000000000e+00,  0.0000000000000e+00,  6.3333333333333e-05,  8.3887049280785e-06,  1.2666666666667e-04,  1.1863420280035e-05,  1.2557832121613e-02,  1.6737367952957e-03,  1.6250890947969e-02,  1.5343527638952e-03
  8.5500000000000e+00,  0.0000000000000e+00,  0.0000000000000e+00,  0.0000000000000e+00,  0.0000000000000e+00,  0.0000000000000e+00,  0.0000000000000e+00,  1.0401885431583e-07,  1.1216641526321e-08,  1.3909497960838e-07,  1.2970673728690e-08,  1.9783758914194e-02,  2.1543369534470e-03,  1.7714109673444e-02,  1.6664155396896e-03,  0.0000000000000e+00,  0.0000000000000e+00,  0.0000000000000e+00,  0.0000000000000e+00,  0.0000000000000e+00,  0.0000000000000e+00,  9.5555555555555e-05,  1.0304020550551e-05,  1.2777777777778e-04,  1.1915339216404e-05,  1.9783758914194e-02,  2.1543369534470e-03,  1.7714109673444e-02,  1.6664155396896e-03
  8.6100000000000e+00,  0.0000000000000e+00,  0.0000000000000e+00,  0.0000000000000e+00,  0.0000000000000e+00,  0.0000000000000e+00,  0.0000000000000e+00,  8.1105158774847e-08,  9.8354451885643e-09,  7.9912435851688e-08,  9.7628578851596e-09,  1.8152696209290e-02,  2.2212280089733e-03,  1.2318440889869e-02,  1.5141779469087e-03,  0.0000000000000e+00,  0.0000000000000e+00,  0.0000000000000e+00,  0.0000000000000e+00,  0.0000000000000e+00,  0.0000000000000e+00,  7.5555555555555e-05,  9.1624569458169e-06,  7.4444444444444e-05,  9.0948364131915e-06,  1.8152696209290e-02,  2.2212280089733e-03,  1.2318440889869e-02,  1.5141779469087e-03
  8.6700000000000e+00,  0.0000000000000e+00,  0.0000000000000e+00,  0.0000000000000e+00,  0.0000000000000e+00,  0.0000000000000e+00,  0.0000000000000e+00,  5.2932232580598e-08,  7.8906713500697e-09,  1.0115937782070e-07,  1.0908296245940e-08,  1.4119861939128e-02,  2.1196728528055e-03,  1.7083829956297e-02,  1.8578660099427e-03,  0.0000000000000e+00,  0.0000000000000e+00,  0.0000000000000e+00,  0.0000000000000e+00,  0.0000000000000e+00,  0.0000000000000e+00,  5.0000000000001e-05,  7.4535599249995e-06,  9.5555555555558e-05,  1.0304020550551e-05,  1.4119861939128e-02,  2.1196728528055e-03,  1.7083829956297e-02,  1.8578660099427e-03
  8.7300000000000e+00,  0.0000000000000e+00,  0.0000000000000e+00,  0.0000000000000e+00,  0.0000000000000e+00,  0.0000000000000e+00,  0.0000000000000e+00,  3.5964922056727e-08,  6.4594906883678e-09,  1.0209397229006e-07,  1.0883254013916e-08,  1.0674931129477e-02,  1.9274804494347e-03,  2.0229885057471e-02,  2.1782167813182e-03,  0.0000000000000e+00,  0.0000000000000e+00,  0.0000000000000e+00,  0.0000000000000e+00,  0.0000000000000e+00,  0.0000000000000e+00,  3.4444444444444e-05,  6.1864048475889e-06,  9.7777777777777e-05,  1.0423146132941e-05,  1.0674931129477e-02,  1.9274804494347e-03,  2.0229885057471e-02,  2.1782167813182e-03
  8.7900000000000e+00,  0.0000000000000e+00,  0.0000000000000e+00,  0.0000000000000e+00,  0.0000000000000e+00,  0.0000000000000e+00,  0.0000000000000e+00,  3.0898112796817e-08,  5.9463445802313e-09,  4.2341858277120e-08,  6.9609586213855e-09,  1.0074626865672e-02,  1.9486050284175e-03,  9.4847475006409e-03,  1.5666601346139e-03,  0.0000000000000e+00,  0.0000000000000e+00,  0.0000000000000e+00,  0.0000000000000e+00,  0.0000000000000e+00,  0.0000000000000e+00,  3.0000000000000e-05,  5.7735026918962e-06,  4.1111111111111e-05,  6.7586250336646e-06,  1.0074626865672e-02,  1.9486050284175e-03,  9.4847475006409e-03,  1.5666601346139e-03
  8.8500000000000e+00,  0.0000000000000e+00,  0.0000000000000e+00,  0.0000000000000e+00,  0.0000000000000e+00,  0.0000000000000e+00,  0.0000000000000e+00,  1.3546923168554e-08,  3.9106598690278e-09,  4.4027500297799e-08,  7.0500423393395e-09,  5.2447552447552e-03,  1.5179955934221e-03,  1.1697660467906e-02,  1.8840485107185e-03,  0.0000000000000e+00,  0.0000000000000e+00,  0.0000000000000e+00,  0.0000000000000e+00,  0.0000000000000e+00,  0.0000000000000e+00,  1.3333333333334e-05,  3.8490017945976e-06,  4.3333333333334e-05,  6.9388866648873e-06,  5.2447552447552e-03,  1.5179955934221e-03,  1.1697660467906e-02,  1.8840485107185e-03
  8.9100000000000e+00,  0.0000000000000e+00,  0.0000000000000e+00,  0.0000000000000e+00,  0.0000000000000e+00,  0.0000000000000e+00,  0.0000000000000e+00,  0.0000000000000e+00,  0.0000000000000e+00,  6.1256653435334e-08,  8.2598454642121e-09,  0.0000000000000e+00,  0.0000000000000e+00,  1.8537243006404e-02,  2.5226224434388e-03,  0.0000000000000e+00,  0.0000000000000e+00,  0.0000000000000e+00,  0.0000000000000e+00,  0.0000000000000e+00,  0.0000000000000e+00,  0.0000000000000e+00,  0.0000000000000e+00,  6.1111111111111e-05,  8.2402205412173e-06,  0.0000000000000e+00,  0.0000000000000e+00,  1.8537243006404e-02,  2.5226224434388e-03
  8.9700000000000e+00,  0.0000000000000e+00,  0.0000000000000e+00,  0.0000000000000e+00,  0.0000000000000e+00,  0.0000000000000e+00,  0.0000000000000e+00,  8.7912596708804e-09,  3.1081796642257e-09,  2.6373779012641e-08,  5.3835250974912e-09,  4.2038885969522e-03,  1.4894199085013e-03,  8.1053698074975e-03,  1.6611933255487e-03,  0.0000000000000e+00,  0.0000000000000e+00,  0.0000000000000e+00,  0.0000000000000e+00,  0.0000000000000e+00,  0.0000000000000e+00,  8.8888888888888e-06,  3.1426968052735e-06,  2.6666666666666e-05,  5.4433105395181e-06,  4.2038885969522e-03,  1.4894199085013e-03,  8.1053698074975e-03,  1.6611933255487e-03
